run_name,method,method_tag,adaptive_rel_mode,density,mobility,noise,energy,seed,windows_run,avg_rmse_all,std_rmse_all,p95_rmse_all,avg_rmse_non,std_rmse_non,p95_rmse_non,avg_objective,avg_K,min_K,max_K,pct_cap_limited,total_energy_spent,final_energy_remaining,spike_rejections,nodes_clamped_total,K_fixed,contact_threshold,smacof_iters
HD-MH-NH-EH-ADAPT-CLASSICAL-S1,adaptive,EH-ADAPT-CLASSICAL,classical,HD,H,H,H,1,40,12.011088040662404,5.6469406006006215,19.090258159260074,12.244306702750187,5.804085454095916,19.224545722029944,12.861588040662403,4.725,3,6,0.0,189.0,211.0,0,0,,,
HD-MH-NH-EH-ADAPT-CLASSICAL-S2,adaptive,EH-ADAPT-CLASSICAL,classical,HD,H,H,H,2,40,10.009334638868792,4.965715110388363,16.755340392374077,10.197648642463616,4.99624146427132,16.83289936315894,11.071334638868791,5.9,4,9,0.0,236.0,164.0,0,0,,,
HD-MH-NH-EH-ADAPT-GMDS-S1,adaptive,EH-ADAPT-GMDS,GMDS,HD,H,H,H,1,40,11.413182980223214,6.5350880302298675,17.310197970601862,11.522103794041275,6.594997278712009,17.86659183116814,12.835182980223214,7.9,4,11,0.0,316.0,84.0,0,0,,,
HD-MH-NH-EH-ADAPT-GMDS-S2,adaptive,EH-ADAPT-GMDS,GMDS,HD,H,H,H,2,40,10.378389527660715,6.921737844767462,16.72138866259258,10.380794706930484,6.893857872918707,16.656734036917406,11.651889527660716,7.075,4,10,0.0,283.0,117.0,0,0,,,
HD-MH-NH-EH-ADAPT-SMACOF-S1,adaptive,EH-ADAPT-SMACOF,SMACOF,HD,H,H,H,1,40,8.559503442329705,6.483998926895097,16.812593875792505,8.617168799165048,6.521569805013609,16.86172833836272,9.383003442329706,4.575,3,6,0.0,183.0,217.0,0,0,,,
HD-MH-NH-EH-ADAPT-SMACOF-S2,adaptive,EH-ADAPT-SMACOF,SMACOF,HD,H,H,H,2,40,6.780558345005562,6.928204608440293,17.125882436078815,6.821411172449208,6.93731749061238,17.07465497758658,7.640058345005562,4.775,4,6,0.0,191.0,209.0,0,0,,,
HD-MH-NH-EH-FIXK12-S1,fixed,FIXK12-S1,,HD,H,H,H,1,33,10.353984801260099,5.874884075318828,21.04919246167923,10.798590543726974,7.149896708940598,24.38160945847165,12.513984801260099,12.0,12,12,0.0,396.0,4.0,0,0,12,,
HD-MH-NH-EH-FIXK12-S2,fixed,FIXK12-S2,,HD,H,H,H,2,33,8.363515989865606,3.714217184793372,14.325638506304534,8.18805356850455,3.574804108137807,13.745900473051167,10.523515989865608,12.0,12,12,0.0,396.0,4.0,0,0,12,,
HD-MH-NH-EH-FIXK3-S1,fixed,FIXK3-S1,,HD,H,H,H,1,40,17.659246797496586,11.828242588185569,40.5481655839494,18.18203558719931,12.295210893244539,41.8668783531335,18.19924679749659,3.0,3,3,0.0,120.0,280.0,0,0,3,,
HD-MH-NH-EH-FIXK3-S2,fixed,FIXK3-S2,,HD,H,H,H,2,40,14.08458557282565,9.821745803406442,37.70617308164409,14.446573346773448,10.203206357152334,39.194736792248726,14.624585572825652,3.0,3,3,0.0,120.0,280.0,0,0,3,,
HD-MH-NH-EH-FIXK6-S1,fixed,FIXK6-S1,,HD,H,H,H,1,40,13.129120712010325,7.964625696001068,29.74045231747338,13.583136122555004,8.701023558305868,31.496914437481976,14.209120712010323,6.0,6,6,0.0,240.0,160.0,0,0,6,,
HD-MH-NH-EH-FIXK6-S2,fixed,FIXK6-S2,,HD,H,H,H,2,40,9.558810524315243,5.145774710038567,17.008637528978554,9.654641760046228,5.407403357320186,17.36812980167477,10.638810524315243,6.0,6,6,0.0,240.0,160.0,0,0,6,,
HD-MH-NH-EH-FIXK9-S1,fixed,FIXK9-S1,,HD,H,H,H,1,40,10.740689479972342,5.678502117012321,21.708531768284004,11.093708327275662,6.5335830119740175,24.45207371297119,12.360689479972342,9.0,9,9,0.0,360.0,40.0,0,0,9,,
HD-MH-NH-EH-FIXK9-S2,fixed,FIXK9-S2,,HD,H,H,H,2,40,9.050444247819446,4.7219593443990915,15.29700301693073,9.054792367228576,5.083870579653406,15.98601882570571,10.670444247819445,9.0,9,9,0.0,360.0,40.0,0,0,9,,
HD-MH-NH-EH-GMDS-S1,GMDS,GMDS,,HD,H,H,H,1,40,1.60997285415853,0.4849837845291013,2.392400535142021,1.6363887784879296,0.4497036651657076,2.5295538931342336,2.86997285415853,7.0,7,7,0.0,280.0,120.0,0,0,7,,
HD-MH-NH-EH-GMDS-S2,GMDS,GMDS,,HD,H,H,H,2,40,12.433195720234329,5.247125074525061,16.68420258674719,12.343860653491827,5.245013941177555,16.958249063476245,13.693195720234328,7.0,7,7,0.0,280.0,120.0,0,0,7,,
HD-MH-NH-EH-S1,adaptive,,classical,HD,H,H,H,1,40,12.011088040662404,5.6469406006006215,19.090258159260074,12.244306702750187,5.804085454095916,19.224545722029944,12.861588040662403,4.725,3,6,0.0,189.0,211.0,0,0,,,
HD-MH-NH-EH-S2,adaptive,,classical,HD,H,H,H,2,40,10.009334638868792,4.965715110388363,16.755340392374077,10.197648642463616,4.99624146427132,16.83289936315894,11.071334638868791,5.9,4,9,0.0,236.0,164.0,0,0,,,
HD-MH-NH-EH-S3,adaptive,,classical,HD,H,H,H,3,40,9.954182048960664,8.142950180472447,23.28066710193194,10.126745584461009,8.514027253112413,25.50323295522186,10.953182048960663,5.55,3,8,0.0,222.0,178.0,0,0,,,
HD-MH-NH-EH-SMACOF-S1,SMACOF,SMACOF,,HD,H,H,H,1,40,6.417150941060444,6.397301367044452,18.036755269337256,6.4073114435953595,6.33480933319014,17.858914606370085,7.677150941060444,7.0,7,7,0.0,280.0,120.0,0,0,7,,
HD-MH-NH-EH-SMACOF-S2,SMACOF,SMACOF,,HD,H,H,H,2,40,6.241383048106921,5.4675386690794605,15.919068339670108,6.248585362100902,5.4068916420276905,15.776683121576276,7.501383048106922,7.0,7,7,0.0,280.0,120.0,0,0,7,,
HD-MH-NH-EL-ADAPT-CLASSICAL-S1,adaptive,EL-ADAPT-CLASSICAL,classical,HD,H,H,L,1,11,9.47455222177965,4.445066877849253,14.526624458667325,9.783551983491604,4.608683683057643,14.973596949305236,10.341824949052379,4.818181818181818,3,6,0.0,79.5,0.5,0,0,,,
HD-MH-NH-EL-ADAPT-CLASSICAL-S2,adaptive,EL-ADAPT-CLASSICAL,classical,HD,H,H,L,2,12,10.485688710121499,4.60176157999033,16.604049037024943,10.570410416782364,4.59159447556459,16.75317494096905,11.295688710121498,4.5,4,5,0.0,81.0,0.0,0,0,,,
HD-MH-NH-EL-ADAPT-GMDS-S1,adaptive,EL-ADAPT-GMDS,GMDS,HD,H,H,L,1,11,7.1702686315264765,7.325499321811101,17.536435124793122,7.347295344932541,7.478059686300237,18.03978766235037,8.05390499516284,4.909090909090909,4,6,0.0,81.0,0.0,0,0,,,
HD-MH-NH-EL-ADAPT-GMDS-S2,adaptive,EL-ADAPT-GMDS,GMDS,HD,H,H,L,2,10,8.02667732950722,6.723179487210232,15.438489197620957,8.009123852018384,6.665859929244154,15.578880297753393,8.944677329507218,5.1,4,6,0.0,76.5,3.5,0,0,,,
HD-MH-NH-EL-ADAPT-SMACOF-S1,adaptive,EL-ADAPT-SMACOF,SMACOF,HD,H,H,L,1,13,6.789148702718639,6.648694591279737,17.622342826532076,6.902180135870358,6.7841138156209135,18.116764397171654,7.509148702718638,4.0,3,5,0.0,78.0,2.0,0,0,,,
HD-MH-NH-EL-ADAPT-SMACOF-S2,adaptive,EL-ADAPT-SMACOF,SMACOF,HD,H,H,L,2,12,8.658098385689316,6.569485929944881,16.571282868433673,8.614551032987585,6.480318266425854,16.46113666300018,9.468098385689316,4.5,4,5,0.0,81.0,0.0,0,0,,,
HD-MH-NH-EL-FIXK12-S1,fixed,FIXK12-S1,,HD,H,H,L,1,4,8.776113241359496,0.7850894377150505,9.818136385293132,8.859907539811184,1.69493663461169,11.215145435420872,10.936113241359497,12.0,12,12,0.0,72.0,8.0,0,0,12,,
HD-MH-NH-EL-FIXK12-S2,fixed,FIXK12-S2,,HD,H,H,L,2,4,11.263468941257821,2.119972956376158,13.06791841587678,10.375777719813582,1.3844675077192659,11.878031047481699,13.423468941257822,12.0,12,12,0.0,72.0,8.0,0,0,12,,
HD-MH-NH-EL-FIXK3-S1,fixed,FIXK3-S1,,HD,H,H,L,1,17,13.211865183494083,9.840001108849753,27.185578648506365,13.563319441902745,10.232747234047578,28.096871081313093,13.751865183494083,3.0,3,3,0.0,76.5,3.5,0,0,3,,
HD-MH-NH-EL-FIXK3-S2,fixed,FIXK3-S2,,HD,H,H,L,2,17,12.869332001977016,9.302117068206673,25.315053439660034,13.135884985935093,9.620194410808036,26.097662979996073,13.409332001977015,3.0,3,3,0.0,76.5,3.5,0,0,3,,
HD-MH-NH-EL-FIXK6-S1,fixed,FIXK6-S1,,HD,H,H,L,1,8,12.510745317772159,9.324219687815402,28.825152274172595,12.910939820323744,10.112369604054663,30.58810674904706,13.590745317772157,6.0,6,6,0.0,72.0,8.0,0,0,6,,
HD-MH-NH-EL-FIXK6-S2,fixed,FIXK6-S2,,HD,H,H,L,2,8,10.891508206508687,5.203918749664125,16.669944369173276,10.813894988129235,5.158125027792415,17.01718961242067,11.971508206508688,6.0,6,6,0.0,72.0,8.0,0,0,6,,
HD-MH-NH-EL-FIXK9-S1,fixed,FIXK9-S1,,HD,H,H,L,1,5,7.649713588146246,2.468756707427705,9.732170924534126,7.588985576588515,2.624924915391826,10.612027210161028,9.269713588146244,9.0,9,9,0.0,67.5,12.5,0,0,9,,
HD-MH-NH-EL-FIXK9-S2,fixed,FIXK9-S2,,HD,H,H,L,2,5,11.763331794672053,2.1249416313792255,13.949270062410585,10.990409554000943,1.661617900212741,12.949042411886737,13.383331794672054,9.0,9,9,0.0,67.5,12.5,0,0,9,,
HD-MH-NH-EL-GMDS-S1,GMDS,GMDS,,HD,H,H,L,1,7,1.2976583358707487,0.0919654584672876,1.451133455120376,1.3481891282320875,0.11588432560826621,1.5404923124080356,2.557658335870749,7.0,7,7,0.0,73.5,6.5,0,0,7,,
HD-MH-NH-EL-GMDS-S2,GMDS,GMDS,,HD,H,H,L,2,7,12.003753761309069,4.338773357779364,14.590798012386632,11.840658737137089,4.2696173848655565,14.521767058982414,13.263753761309067,7.0,7,7,0.0,73.5,6.5,0,0,7,,
HD-MH-NH-EL-S1,adaptive,,classical,HD,H,H,L,1,11,9.47455222177965,4.445066877849253,14.526624458667325,9.783551983491604,4.608683683057643,14.973596949305236,10.341824949052379,4.818181818181818,3,6,0.0,79.5,0.5,0,0,,,
HD-MH-NH-EL-S2,adaptive,,classical,HD,H,H,L,2,12,10.485688710121499,4.60176157999033,16.604049037024943,10.570410416782364,4.59159447556459,16.75317494096905,11.295688710121498,4.5,4,5,0.0,81.0,0.0,0,0,,,
HD-MH-NH-EL-S3,adaptive,,classical,HD,H,H,L,3,14,10.764428408277814,12.152172697158706,33.86662329169885,11.083002257359505,12.641053909950575,35.244950295849605,11.47157126542067,3.9285714285714284,3,5,0.0,82.5,0.0,0,0,,,
HD-MH-NH-EL-SMACOF-S1,SMACOF,SMACOF,,HD,H,H,L,1,7,7.343204340547525,6.643663570735408,17.6774155332029,7.264219759422473,6.646379860596119,17.577061004424255,8.603204340547526,7.0,7,7,0.0,73.5,6.5,0,0,7,,
HD-MH-NH-EL-SMACOF-S2,SMACOF,SMACOF,,HD,H,H,L,2,7,7.74467298795476,6.07298640299169,14.985982444009785,7.66030436701548,5.9412566556150495,14.756087816476951,9.004672987954761,7.0,7,7,0.0,73.5,6.5,0,0,7,,
HD-MH-NL-EH-ADAPT-CLASSICAL-S1,adaptive,EH-ADAPT-CLASSICAL,classical,HD,H,L,H,1,40,10.305586541648953,7.3776702609955365,17.130792945439552,10.372637693992942,7.421487763741968,17.11505870643093,11.412586541648952,6.15,3,10,0.0,246.0,154.0,0,0,,,
HD-MH-NL-EH-ADAPT-CLASSICAL-S2,adaptive,EH-ADAPT-CLASSICAL,classical,HD,H,L,H,2,40,9.579117343317225,8.04072689643637,17.629915605914544,9.643473291665495,8.09712639783213,18.02276908515953,10.425117343317224,4.7,3,7,0.0,188.0,212.0,0,0,,,
HD-MH-NL-EH-ADAPT-GMDS-S1,adaptive,EH-ADAPT-GMDS,GMDS,HD,H,L,H,1,40,9.595461240020526,7.178453357440624,17.267826083304833,9.726365601886094,7.267579106734656,17.769492069830047,10.738461240020527,6.35,4,9,0.0,254.0,146.0,0,0,,,
HD-MH-NL-EH-ADAPT-GMDS-S2,adaptive,EH-ADAPT-GMDS,GMDS,HD,H,L,H,2,40,9.429116338576813,7.282948525768095,16.594933055173033,9.491365051543525,7.330353716982613,16.822178080719297,10.639616338576813,6.725,4,10,0.0,269.0,131.0,0,0,,,
HD-MH-NL-EH-ADAPT-SMACOF-S1,adaptive,EH-ADAPT-SMACOF,SMACOF,HD,H,L,H,1,40,10.253838093488156,7.455661239930782,16.87994017139563,10.332700793369428,7.521433021090036,17.2152889909178,11.567838093488158,7.3,3,11,0.0,292.0,108.0,0,0,,,
HD-MH-NL-EH-ADAPT-SMACOF-S2,adaptive,EH-ADAPT-SMACOF,SMACOF,HD,H,L,H,2,40,9.274561719584572,7.904699491699764,17.14845994789101,9.28965764957094,7.923444790902172,17.299617972370072,10.233061719584573,5.325,3,9,0.0,213.0,187.0,0,0,,,
HD-MH-NL-EH-FIXK12-S1,fixed,FIXK12-S1,,HD,H,L,H,1,33,0.30408472313551854,0.046820557539928635,0.38573145054888575,0.31815053489152667,0.04907655943359268,0.4159565654802074,2.4640847231355183,12.0,12,12,0.0,396.0,4.0,0,0,12,,
HD-MH-NL-EH-FIXK12-S2,fixed,FIXK12-S2,,HD,H,L,H,2,33,10.312610360543948,5.701667036506691,15.098325205520446,10.236006055183706,5.681105272516319,14.942966056655994,12.472610360543946,12.0,12,12,0.0,396.0,4.0,0,0,12,,
HD-MH-NL-EH-FIXK3-S1,fixed,FIXK3-S1,,HD,H,L,H,1,40,0.77057651746297,2.378509914115365,0.6313860177972032,0.7845585903007952,2.3930353225028624,0.6514389887939132,1.31057651746297,3.0,3,3,0.0,120.0,280.0,0,0,3,,
HD-MH-NL-EH-FIXK3-S2,fixed,FIXK3-S2,,HD,H,L,H,2,40,11.67721984128631,5.778224277542438,17.337229807728082,11.767915542950853,5.833942669604891,17.562591755771017,12.21721984128631,3.0,3,3,0.0,120.0,280.0,0,0,3,,
HD-MH-NL-EH-FIXK6-S1,fixed,FIXK6-S1,,HD,H,L,H,1,40,0.6895760714147443,2.1896393129717797,0.44668385445684233,0.6964621799297838,2.149682122729083,0.4622627638061381,1.769576071414744,6.0,6,6,0.0,240.0,160.0,0,0,6,,
HD-MH-NL-EH-FIXK6-S2,fixed,FIXK6-S2,,HD,H,L,H,2,40,10.829970091072727,5.321670041074457,15.023283646308835,10.782232486804542,5.310210284651859,14.849075622436219,11.909970091072728,6.0,6,6,0.0,240.0,160.0,0,0,6,,
HD-MH-NL-EH-FIXK9-S1,fixed,FIXK9-S1,,HD,H,L,H,1,40,0.6793192690809821,2.209983739754622,0.47158901116708324,0.6944292046062749,2.2125195034523517,0.491644293326122,2.299319269080982,9.0,9,9,0.0,360.0,40.0,0,0,9,,
HD-MH-NL-EH-FIXK9-S2,fixed,FIXK9-S2,,HD,H,L,H,2,40,10.676492341635285,5.2492730823944305,15.071690817379576,10.613530790117407,5.234651657782382,14.95350103125451,12.296492341635284,9.0,9,9,0.0,360.0,40.0,0,0,9,,
HD-MH-NL-EH-GMDS-S1,GMDS,GMDS,,HD,H,L,H,1,40,1.600499535210302,2.6453779746356716,3.3369898327384253,1.6192124059539754,2.586908123871712,3.4924467999139073,2.860499535210302,7.0,7,7,0.0,280.0,120.0,0,0,7,,
HD-MH-NL-EH-GMDS-S2,GMDS,GMDS,,HD,H,L,H,2,40,13.294689880032099,3.9402455674093617,16.29278414076271,13.189920264281483,3.929785149540265,16.28269653763521,14.5546898800321,7.0,7,7,0.0,280.0,120.0,0,0,7,,
HD-MH-NL-EH-S1,adaptive,,classical,HD,H,L,H,1,40,10.305586541648953,7.3776702609955365,17.130792945439552,10.372637693992942,7.421487763741968,17.11505870643093,11.412586541648952,6.15,3,10,0.0,246.0,154.0,0,0,,,
HD-MH-NL-EH-S2,adaptive,,classical,HD,H,L,H,2,40,9.579117343317225,8.04072689643637,17.629915605914544,9.643473291665495,8.09712639783213,18.02276908515953,10.425117343317224,4.7,3,7,0.0,188.0,212.0,0,0,,,
HD-MH-NL-EH-S3,adaptive,,classical,HD,H,L,H,3,40,0.32877630577816386,0.06908672982407903,0.4402777110297376,0.340207465492153,0.07216539190307916,0.45712052536899633,0.9902763057781637,3.675,3,5,0.0,147.0,253.0,0,0,,,
HD-MH-NL-EH-SMACOF-S1,SMACOF,SMACOF,,HD,H,L,H,1,40,0.5411231933722405,2.512744543105615,0.17714540847054283,0.5618166407226328,2.609171386130516,0.18080741508711834,1.8011231933722407,7.0,7,7,0.0,280.0,120.0,0,0,7,,
HD-MH-NL-EH-SMACOF-S2,SMACOF,SMACOF,,HD,H,L,H,2,40,10.568331128762761,5.309274475988753,15.171460370090179,10.495014408970318,5.283559201509365,14.944130908568628,11.82833112876276,7.0,7,7,0.0,280.0,120.0,0,0,7,,
HD-MH-NL-EL-ADAPT-CLASSICAL-S1,adaptive,EL-ADAPT-CLASSICAL,classical,HD,H,L,L,1,14,4.415736678507419,6.485089998400746,15.109433602063053,4.462546773263756,6.539133015038829,15.208045700417594,5.0971652499359905,3.7857142857142856,3,5,0.0,79.5,0.5,0,0,,,
HD-MH-NL-EL-ADAPT-CLASSICAL-S2,adaptive,EL-ADAPT-CLASSICAL,classical,HD,H,L,L,2,12,2.6199497325187395,5.213864602626229,14.176970053519858,2.6218074237695994,5.195581759617104,14.116062484571621,3.3849497325187397,4.25,4,5,0.0,76.5,3.5,0,0,,,
HD-MH-NL-EL-ADAPT-GMDS-S1,adaptive,EL-ADAPT-GMDS,GMDS,HD,H,L,L,1,12,2.7136998315679435,4.365350947182453,10.379937833854871,2.796454322352004,4.4866053500032095,10.681063743334228,3.5236998315679435,4.5,4,5,0.0,81.0,0.0,0,0,,,
HD-MH-NL-EL-ADAPT-GMDS-S2,adaptive,EL-ADAPT-GMDS,GMDS,HD,H,L,L,2,11,4.296163223901352,5.910200671649457,14.124421807658923,4.265547341445498,5.81301835617083,13.9733791672104,5.196163223901351,5.0,4,6,0.0,82.5,0.0,0,0,,,
HD-MH-NL-EL-ADAPT-SMACOF-S1,adaptive,EL-ADAPT-SMACOF,SMACOF,HD,H,L,L,1,13,3.691740328084941,6.471361823132155,15.775241999482466,3.7351179350710826,6.539348953635687,16.01933517837748,4.397894174238787,3.923076923076923,3,5,0.0,76.5,3.5,0,0,,,
HD-MH-NL-EL-ADAPT-SMACOF-S2,adaptive,EL-ADAPT-SMACOF,SMACOF,HD,H,L,L,2,15,1.9244084894350288,4.559124658869036,13.466342255278015,1.9126550771073203,4.5184921913419736,13.331845395873009,2.5604084894350287,3.533333333333333,3,4,0.0,79.5,0.5,0,0,,,
HD-MH-NL-EL-FIXK12-S1,fixed,FIXK12-S1,,HD,H,L,L,1,4,0.29001176997703143,0.045679509871470715,0.35322481399385525,0.30325634606996776,0.03528417575248795,0.3499963506214282,2.4500117699770314,12.0,12,12,0.0,72.0,8.0,0,0,12,,
HD-MH-NL-EL-FIXK12-S2,fixed,FIXK12-S2,,HD,H,L,L,2,4,12.909859016638798,0.4617773180991716,13.38798296034735,12.467643831885905,0.8012161053247018,13.314850798165635,15.069859016638798,12.0,12,12,0.0,72.0,8.0,0,0,12,,
HD-MH-NL-EL-FIXK3-S1,fixed,FIXK3-S1,,HD,H,L,L,1,17,0.3438495155713201,0.04099494113932965,0.4035349567160395,0.35308713955214316,0.04386802321285284,0.4177783421122853,0.88384951557132,3.0,3,3,0.0,76.5,3.5,0,0,3,,
HD-MH-NL-EL-FIXK3-S2,fixed,FIXK3-S2,,HD,H,L,L,2,17,14.376589222916264,3.811890917180897,17.692408612217392,14.477677428755987,3.8804852233094973,17.737905526783695,14.916589222916265,3.0,3,3,0.0,76.5,3.5,0,0,3,,
HD-MH-NL-EL-FIXK6-S1,fixed,FIXK6-S1,,HD,H,L,L,1,8,0.30780229360314115,0.04687001739887563,0.3811068196330875,0.31578517512601995,0.04545766350833521,0.38504617160514026,1.3878022936031411,6.0,6,6,0.0,72.0,8.0,0,0,6,,
HD-MH-NL-EL-FIXK6-S2,fixed,FIXK6-S2,,HD,H,L,L,2,8,12.991256385702377,0.6525462995587129,14.08011116241902,12.810107812276478,0.8136514355236777,14.207685759295494,14.071256385702377,6.0,6,6,0.0,72.0,8.0,0,0,6,,
HD-MH-NL-EL-FIXK9-S1,fixed,FIXK9-S1,,HD,H,L,L,1,5,0.291404783069285,0.04236143912716965,0.35608906453080164,0.29465879168146225,0.031724725448548215,0.34158025323918695,1.9114047830692846,9.0,9,9,0.0,67.5,12.5,0,0,9,,
HD-MH-NL-EL-FIXK9-S2,fixed,FIXK9-S2,,HD,H,L,L,2,5,12.836858171721605,0.33401708945420666,13.245618812159355,12.538784704612482,0.6061641390402637,13.079069717821767,14.456858171721603,9.0,9,9,0.0,67.5,12.5,0,0,9,,
HD-MH-NL-EL-GMDS-S1,GMDS,GMDS,,HD,H,L,L,1,7,0.7694477108502575,0.23343161421672728,1.1529720655129039,0.7918164932772517,0.2513950799304358,1.2040940135009692,2.0294477108502575,7.0,7,7,0.0,73.5,6.5,0,0,7,,
HD-MH-NL-EL-GMDS-S2,GMDS,GMDS,,HD,H,L,L,2,7,13.098318569722784,0.97443739687714,14.116797804723006,12.895863588028499,0.9623640332752944,13.848948898749384,14.358318569722785,7.0,7,7,0.0,73.5,6.5,0,0,7,,
HD-MH-NL-EL-S1,adaptive,,classical,HD,H,L,L,1,14,4.415736678507419,6.485089998400746,15.109433602063053,4.462546773263756,6.539133015038829,15.208045700417594,5.0971652499359905,3.7857142857142856,3,5,0.0,79.5,0.5,0,0,,,
HD-MH-NL-EL-S2,adaptive,,classical,HD,H,L,L,2,12,2.6199497325187395,5.213864602626229,14.176970053519858,2.6218074237695994,5.195581759617104,14.116062484571621,3.3849497325187397,4.25,4,5,0.0,76.5,3.5,0,0,,,
HD-MH-NL-EL-S3,adaptive,,classical,HD,H,L,L,3,15,0.33670114957961317,0.06584471411653232,0.44039080262407937,0.34639705094630613,0.06889570627575156,0.4547689744435291,0.9727011495796132,3.533333333333333,3,4,0.0,79.5,0.5,0,0,,,
HD-MH-NL-EL-SMACOF-S1,SMACOF,SMACOF,,HD,H,L,L,1,7,0.12638030182456564,0.016347470972087472,0.15321571866156478,0.1275467473535691,0.014582657085869115,0.1515456016144713,1.3863803018245657,7.0,7,7,0.0,73.5,6.5,0,0,7,,
HD-MH-NL-EL-SMACOF-S2,SMACOF,SMACOF,,HD,H,L,L,2,7,12.706447576012312,0.6872297576627189,13.75150459644314,12.571843714239984,0.7912667198651164,13.855547216922972,13.966447576012314,7.0,7,7,0.0,73.5,6.5,0,0,7,,
HD-ML-NH-EH-ADAPT-CLASSICAL-S1,adaptive,EH-ADAPT-CLASSICAL,classical,HD,L,H,H,1,40,9.818806490133722,6.058878043253341,17.951215435354122,10.037055948455379,6.146471170256121,18.327948461086265,10.597306490133722,4.325,3,6,0.0,173.0,227.0,0,0,,,
HD-ML-NH-EH-ADAPT-CLASSICAL-S2,adaptive,EH-ADAPT-CLASSICAL,classical,HD,L,H,H,2,40,11.62814908758532,6.334465518440408,16.744520194190063,11.792047649881024,6.836205046628856,17.00805816556583,12.622649087585321,5.525,4,8,0.0,221.0,179.0,0,0,,,
HD-ML-NH-EH-ADAPT-GMDS-S1,adaptive,EH-ADAPT-GMDS,GMDS,HD,L,H,H,1,40,5.972388224256212,6.98912702959031,16.753088433610355,6.038694197783131,7.026925287766443,17.215614984048944,6.903888224256212,5.175,3,7,0.0,207.0,193.0,0,0,,,
HD-ML-NH-EH-ADAPT-GMDS-S2,adaptive,EH-ADAPT-GMDS,GMDS,HD,L,H,H,2,40,14.130862549729056,2.2061966302045986,15.636980875141154,13.99986856356522,2.2687169003364307,15.97669709237248,15.597862549729058,8.15,4,11,0.0,326.0,74.0,0,0,,,
HD-ML-NH-EH-ADAPT-SMACOF-S1,adaptive,EH-ADAPT-SMACOF,SMACOF,HD,L,H,H,1,40,6.372093317373379,6.7146340630450485,16.541223941891992,6.403561552585018,6.726513509503943,16.35084382381043,7.339593317373378,5.375,3,8,0.0,215.0,185.0,0,0,,,
HD-ML-NH-EH-ADAPT-SMACOF-S2,adaptive,EH-ADAPT-SMACOF,SMACOF,HD,L,H,H,2,40,8.287718941160076,5.751386039806527,15.486799675302889,8.255739602040657,5.753058231961338,15.390803686916604,9.633218941160077,7.475,4,10,0.0,299.0,101.0,0,0,,,
HD-ML-NH-EH-FIXK12-S1,fixed,FIXK12-S1,,HD,L,H,H,1,33,7.50112843845713,5.2607912466885125,12.818494421462695,7.573963889191262,5.974967520377182,13.575127960138728,9.66112843845713,12.0,12,12,0.0,396.0,4.0,0,0,12,,
HD-ML-NH-EH-FIXK12-S2,fixed,FIXK12-S2,,HD,L,H,H,2,33,8.301254893540925,4.19459799368694,14.075178914834908,7.925778293024456,4.016921345194658,13.84603801699789,10.461254893540925,12.0,12,12,0.0,396.0,4.0,0,0,12,,
HD-ML-NH-EH-FIXK3-S1,fixed,FIXK3-S1,,HD,L,H,H,1,40,13.616608831325346,11.32773921088738,33.01349375948024,14.028064486100234,11.779438255547824,34.3206444693026,14.156608831325347,3.0,3,3,0.0,120.0,280.0,0,0,3,,
HD-ML-NH-EH-FIXK3-S2,fixed,FIXK3-S2,,HD,L,H,H,2,40,12.487648068677329,8.45064548566823,22.832881087956952,12.734793770538655,8.751333548345004,23.71685228353975,13.027648068677328,3.0,3,3,0.0,120.0,280.0,0,0,3,,
HD-ML-NH-EH-FIXK6-S1,fixed,FIXK6-S1,,HD,L,H,H,1,40,9.432040089966902,8.212879942867088,33.10830964079025,9.615988569319637,8.867821244293898,35.85049425454329,10.512040089966902,6.0,6,6,0.0,240.0,160.0,0,0,6,,
HD-ML-NH-EH-FIXK6-S2,fixed,FIXK6-S2,,HD,L,H,H,2,40,9.387031003071963,5.229973976265646,15.699090268721598,9.36945103073748,5.391348863552286,15.416573902398035,10.467031003071963,6.0,6,6,0.0,240.0,160.0,0,0,6,,
HD-ML-NH-EH-FIXK9-S1,fixed,FIXK9-S1,,HD,L,H,H,1,40,7.753366446757053,5.223668711581016,14.255988116012137,7.7888304343032875,5.623711106218348,14.298141419299448,9.373366446757053,9.0,9,9,0.0,360.0,40.0,0,0,9,,
HD-ML-NH-EH-FIXK9-S2,fixed,FIXK9-S2,,HD,L,H,H,2,40,8.869474436388353,4.701355149620969,13.973936084932193,8.665294153227354,4.850934477970812,13.657291980878604,10.489474436388353,9.0,9,9,0.0,360.0,40.0,0,0,9,,
HD-ML-NH-EH-GMDS-S1,GMDS,GMDS,,HD,L,H,H,1,40,2.5015385218736697,4.065771687398993,16.381809531511063,2.540230713771598,4.084471110251751,16.257234402283284,3.76153852187367,7.0,7,7,0.0,280.0,120.0,0,0,7,,
HD-ML-NH-EH-GMDS-S2,GMDS,GMDS,,HD,L,H,H,2,40,13.54727571740481,2.830304057097797,14.976782880211656,13.551049071329336,2.8496526897940555,15.218865305130835,14.80727571740481,7.0,7,7,0.0,280.0,120.0,0,0,7,,
HD-ML-NH-EH-S1,adaptive,,classical,HD,L,H,H,1,40,9.818806490133722,6.058878043253341,17.951215435354122,10.037055948455379,6.146471170256121,18.327948461086265,10.597306490133722,4.325,3,6,0.0,173.0,227.0,0,0,,,
HD-ML-NH-EH-S2,adaptive,,classical,HD,L,H,H,2,40,11.62814908758532,6.334465518440408,16.744520194190063,11.792047649881024,6.836205046628856,17.00805816556583,12.622649087585321,5.525,4,8,0.0,221.0,179.0,0,0,,,
HD-ML-NH-EH-S3,adaptive,,classical,HD,L,H,H,3,40,8.29900672062819,6.007340875333828,19.08612193528994,8.493388450838523,6.363447187441442,20.11112292082905,9.347506720628191,5.825,4,7,0.0,233.0,167.0,0,0,,,
HD-ML-NH-EH-SMACOF-S1,SMACOF,SMACOF,,HD,L,H,H,1,40,4.999555308172047,5.726865074065934,15.983108424795267,4.9935898170634765,5.693312007023334,15.624305840487335,6.259555308172047,7.0,7,7,0.0,280.0,120.0,0,0,7,,
HD-ML-NH-EH-SMACOF-S2,SMACOF,SMACOF,,HD,L,H,H,2,40,7.027894541078024,6.217920959396913,15.608011191916807,6.995553906374106,6.1758675902113245,15.291182146899597,8.287894541078023,7.0,7,7,0.0,280.0,120.0,0,0,7,,
HD-ML-NH-EL-ADAPT-CLASSICAL-S1,adaptive,EL-ADAPT-CLASSICAL,classical,HD,L,H,L,1,11,9.040421032946709,4.773641873856143,14.801709586390828,9.360434387147174,4.951533181302942,15.520721501633775,9.907693760219434,4.818181818181818,3,6,0.0,79.5,0.5,0,0,,,
HD-ML-NH-EL-ADAPT-CLASSICAL-S2,adaptive,EL-ADAPT-CLASSICAL,classical,HD,L,H,L,2,12,12.425707596012986,2.861152681107015,14.938831511851022,12.564118553340656,2.8840506666505625,15.042903348424908,13.235707596012986,4.5,4,5,0.0,81.0,0.0,0,0,,,
HD-ML-NH-EL-ADAPT-GMDS-S1,adaptive,EL-ADAPT-GMDS,GMDS,HD,L,H,L,1,11,5.5494264331258405,6.7005353947599735,16.685578357393577,5.607517356646588,6.722323382104151,16.84222020650288,6.416699160398568,4.818181818181818,3,6,0.0,79.5,0.5,0,0,,,
HD-ML-NH-EL-ADAPT-GMDS-S2,adaptive,EL-ADAPT-GMDS,GMDS,HD,L,H,L,2,10,14.562013976096761,0.8086779188651884,15.81986540429853,14.518843412945714,0.9516706323345563,16.008450254532335,15.498013976096763,5.2,4,7,0.0,78.0,2.0,0,0,,,
HD-ML-NH-EL-ADAPT-SMACOF-S1,adaptive,EL-ADAPT-SMACOF,SMACOF,HD,L,H,L,1,14,5.433397554759772,6.020653043407965,15.956930783551456,5.532383394865508,6.149076695339565,16.20585778182128,6.140540411902628,3.9285714285714284,3,5,0.0,82.5,0.0,0,0,,,
HD-ML-NH-EL-ADAPT-SMACOF-S2,adaptive,EL-ADAPT-SMACOF,SMACOF,HD,L,H,L,2,11,11.293722547783947,5.261388551555534,15.957001810220904,11.29518106131182,5.276338466072488,16.093272897541055,12.193722547783947,5.0,4,6,0.0,82.5,0.0,0,0,,,
HD-ML-NH-EL-FIXK12-S1,fixed,FIXK12-S1,,HD,L,H,L,1,4,8.743779868035038,0.9593823529021185,9.89837697992233,8.608153346909138,1.83972336247646,11.156249395010589,10.903779868035038,12.0,12,12,0.0,72.0,8.0,0,0,12,,
HD-ML-NH-EL-FIXK12-S2,fixed,FIXK12-S2,,HD,L,H,L,2,4,12.771364885501981,1.6869715885208674,14.15789350904687,12.285046831449968,1.5885803989787561,13.910825848360377,14.931364885501981,12.0,12,12,0.0,72.0,8.0,0,0,12,,
HD-ML-NH-EL-FIXK3-S1,fixed,FIXK3-S1,,HD,L,H,L,1,17,13.144374882259354,9.136017091308277,33.22048292390296,13.469672472182571,9.526709449034998,34.4734078511162,13.684374882259352,3.0,3,3,0.0,76.5,3.5,0,0,3,,
HD-ML-NH-EL-FIXK3-S2,fixed,FIXK3-S2,,HD,L,H,L,2,17,11.665469942340327,4.61430806959498,16.99023519412139,11.79435191065342,4.677138491203841,17.394344210166246,12.205469942340326,3.0,3,3,0.0,76.5,3.5,0,0,3,,
HD-ML-NH-EL-FIXK6-S1,fixed,FIXK6-S1,,HD,L,H,L,1,8,13.18804996153317,8.633890795400266,28.15966285358013,13.555506364159344,9.624188245212434,29.992164069633112,14.26804996153317,6.0,6,6,0.0,72.0,8.0,0,0,6,,
HD-ML-NH-EL-FIXK6-S2,fixed,FIXK6-S2,,HD,L,H,L,2,8,10.972825600461219,4.442979799975395,15.360873600265107,10.86121751048389,4.29938959433362,15.073273008975189,12.052825600461219,6.0,6,6,0.0,72.0,8.0,0,0,6,,
HD-ML-NH-EL-FIXK9-S1,fixed,FIXK9-S1,,HD,L,H,L,1,5,10.095750617495042,2.5320367060788467,13.899580481264312,9.893594798704125,2.642439311432788,13.701043458986938,11.715750617495043,9.0,9,9,0.0,67.5,12.5,0,0,9,,
HD-ML-NH-EL-FIXK9-S2,fixed,FIXK9-S2,,HD,L,H,L,2,5,12.393697176768832,1.6225908555322097,13.950001541017143,11.83932121935698,1.5040813593408096,13.611077251055054,14.01369717676883,9.0,9,9,0.0,67.5,12.5,0,0,9,,
HD-ML-NH-EL-GMDS-S1,GMDS,GMDS,,HD,L,H,L,1,7,1.3256074526449473,0.19508157670547294,1.6177339132475832,1.3639518001046251,0.20654126889391078,1.6659266746787456,2.5856074526449473,7.0,7,7,0.0,73.5,6.5,0,0,7,,
HD-ML-NH-EL-GMDS-S2,GMDS,GMDS,,HD,L,H,L,2,7,12.434295678113653,4.461602263881193,15.335656321288825,12.347377954324752,4.40332562365899,15.298223881972145,13.694295678113653,7.0,7,7,0.0,73.5,6.5,0,0,7,,
HD-ML-NH-EL-S1,adaptive,,classical,HD,L,H,L,1,11,9.040421032946709,4.773641873856143,14.801709586390828,9.360434387147174,4.951533181302942,15.520721501633775,9.907693760219434,4.818181818181818,3,6,0.0,79.5,0.5,0,0,,,
HD-ML-NH-EL-S2,adaptive,,classical,HD,L,H,L,2,12,12.425707596012986,2.861152681107015,14.938831511851022,12.564118553340656,2.8840506666505625,15.042903348424908,13.235707596012986,4.5,4,5,0.0,81.0,0.0,0,0,,,
HD-ML-NH-EL-S3,adaptive,,classical,HD,L,H,L,3,11,9.622313825630078,11.03469565900331,32.316177872644275,10.08385427636317,11.691056147562259,34.153477263513096,10.522313825630079,5.0,4,6,0.0,82.5,0.0,0,0,,,
HD-ML-NH-EL-SMACOF-S1,SMACOF,SMACOF,,HD,L,H,L,1,7,5.242417533094046,5.531290087661942,14.627232518955143,5.205770539617328,5.50019112925964,14.533483800860118,6.502417533094046,7.0,7,7,0.0,73.5,6.5,0,0,7,,
HD-ML-NH-EL-SMACOF-S2,SMACOF,SMACOF,,HD,L,H,L,2,7,9.380939705329913,5.718717154341785,14.922297873733834,9.349272076450259,5.667991683894027,14.798735139978845,10.640939705329915,7.0,7,7,0.0,73.5,6.5,0,0,7,,
HD-ML-NL-EH-ADAPT-CLASSICAL-S1,adaptive,EH-ADAPT-CLASSICAL,classical,HD,L,L,H,1,40,0.2846728094911759,0.05631752769340359,0.4109317792240509,0.29362343510735717,0.058045331057309996,0.420780424028413,0.9191728094911757,3.525,3,4,0.0,141.0,259.0,0,0,,,
HD-ML-NL-EH-ADAPT-CLASSICAL-S2,adaptive,EH-ADAPT-CLASSICAL,classical,HD,L,L,H,2,40,13.308223865526909,0.4695446183150987,14.122718132241097,13.126580555548253,0.6009024679919153,14.522302544178963,14.937223865526912,9.05,4,14,0.0,362.0,38.0,0,0,,,
HD-ML-NL-EH-ADAPT-GMDS-S1,adaptive,EH-ADAPT-GMDS,GMDS,HD,L,L,H,1,40,1.113247259183352,2.379753584899391,1.1699275515512166,1.1306497657584138,2.3632603281736855,1.2051364887541118,1.765747259183352,3.625,3,4,0.0,145.0,255.0,0,0,,,
HD-ML-NL-EH-ADAPT-GMDS-S2,adaptive,EH-ADAPT-GMDS,GMDS,HD,L,L,H,2,40,13.985181745121045,0.6148281969421096,15.00039886754659,13.860840317718345,0.7718083049220215,15.022832372318469,15.330681745121044,7.475,4,10,0.0,299.0,101.0,0,0,,,
HD-ML-NL-EH-ADAPT-SMACOF-S1,adaptive,EH-ADAPT-SMACOF,SMACOF,HD,L,L,H,1,40,0.13252614154180484,0.022735485189226877,0.16744718783570825,0.13747012248205157,0.023843505274894143,0.1738126037388356,0.7805261415418048,3.6,3,4,0.0,144.0,256.0,0,0,,,
HD-ML-NL-EH-ADAPT-SMACOF-S2,adaptive,EH-ADAPT-SMACOF,SMACOF,HD,L,L,H,2,40,13.390415603906447,0.6148977357807182,14.368290704109489,13.175326340953484,0.78108978315776,14.498957096124343,15.046415603906448,9.2,4,14,0.0,368.0,32.0,0,0,,,
HD-ML-NL-EH-FIXK12-S1,fixed,FIXK12-S1,,HD,L,L,H,1,33,0.25134560463811856,0.02731684720330116,0.30087084763529925,0.26101368368775374,0.02995396434493126,0.31100311977145034,2.4113456046381185,12.0,12,12,0.0,396.0,4.0,0,0,12,,
HD-ML-NL-EH-FIXK12-S2,fixed,FIXK12-S2,,HD,L,L,H,2,33,12.695049309520103,0.4331267730872349,13.3784131193393,12.424106817675927,0.5696130647710517,13.423955091961046,14.855049309520105,12.0,12,12,0.0,396.0,4.0,0,0,12,,
HD-ML-NL-EH-FIXK3-S1,fixed,FIXK3-S1,,HD,L,L,H,1,40,0.3209324156644482,0.06105383611727045,0.4270729899449777,0.3312141120199863,0.06353003696255681,0.44371661894313863,0.8609324156644481,3.0,3,3,0.0,120.0,280.0,0,0,3,,
HD-ML-NL-EH-FIXK3-S2,fixed,FIXK3-S2,,HD,L,L,H,2,40,13.929257334357535,1.1523910753032003,16.29590467949839,14.079537314096523,1.241374375055931,16.609687652671642,14.469257334357533,3.0,3,3,0.0,120.0,280.0,0,0,3,,
HD-ML-NL-EH-FIXK6-S1,fixed,FIXK6-S1,,HD,L,L,H,1,40,0.2798001404760043,0.041595691675510464,0.3574232522585561,0.2915704607897273,0.043936409213330856,0.3548482105783622,1.3598001404760043,6.0,6,6,0.0,240.0,160.0,0,0,6,,
HD-ML-NL-EH-FIXK6-S2,fixed,FIXK6-S2,,HD,L,L,H,2,40,13.126996509244814,0.6267371089605235,14.06001084824811,13.102719118596928,0.7709065845272303,14.326183056483288,14.206996509244814,6.0,6,6,0.0,240.0,160.0,0,0,6,,
HD-ML-NL-EH-FIXK9-S1,fixed,FIXK9-S1,,HD,L,L,H,1,40,0.26100511018753336,0.03539211726275287,0.3289770686594703,0.27081743153109805,0.03937783537245535,0.34547852042681104,1.8810051101875331,9.0,9,9,0.0,360.0,40.0,0,0,9,,
HD-ML-NL-EH-FIXK9-S2,fixed,FIXK9-S2,,HD,L,L,H,2,40,12.87790368600119,0.5089580176128243,13.82810033521445,12.766951843694601,0.6819958502083706,14.07233992993994,14.49790368600119,9.0,9,9,0.0,360.0,40.0,0,0,9,,
HD-ML-NL-EH-GMDS-S1,GMDS,GMDS,,HD,L,L,H,1,40,0.8959993394457737,0.1510242679231325,1.148367212144903,0.9184324041671639,0.15334369091027458,1.1654100040856763,2.1559993394457737,7.0,7,7,0.0,280.0,120.0,0,0,7,,
HD-ML-NL-EH-GMDS-S2,GMDS,GMDS,,HD,L,L,H,2,40,13.683409838521683,0.5605006803098284,14.732894491845496,13.594267401959744,0.7222564810478117,14.7819939070241,14.943409838521683,7.0,7,7,0.0,280.0,120.0,0,0,7,,
HD-ML-NL-EH-S1,adaptive,,classical,HD,L,L,H,1,40,0.2846728094911759,0.05631752769340359,0.4109317792240509,0.29362343510735717,0.058045331057309996,0.420780424028413,0.9191728094911757,3.525,3,4,0.0,141.0,259.0,0,0,,,
HD-ML-NL-EH-S2,adaptive,,classical,HD,L,L,H,2,40,13.308223865526909,0.4695446183150987,14.122718132241097,13.126580555548253,0.6009024679919153,14.522302544178963,14.937223865526912,9.05,4,14,0.0,362.0,38.0,0,0,,,
HD-ML-NL-EH-S3,adaptive,,classical,HD,L,L,H,3,40,0.3076074678008983,0.05171481241788022,0.4006966151857166,0.31771136415261275,0.054123178801741244,0.416251383546816,0.9871074678008982,3.775,3,5,0.0,151.0,249.0,0,0,,,
HD-ML-NL-EH-SMACOF-S1,SMACOF,SMACOF,,HD,L,L,H,1,40,0.12505964883794227,0.017566541604854397,0.15627521501860095,0.13050628682087465,0.01986225250780631,0.1689347755470214,1.3850596488379423,7.0,7,7,0.0,280.0,120.0,0,0,7,,
HD-ML-NL-EH-SMACOF-S2,SMACOF,SMACOF,,HD,L,L,H,2,40,12.906741682167624,0.8051190262954864,14.264244654599059,12.855777740075192,0.9228030223131426,14.448755318078556,14.166741682167622,7.0,7,7,0.0,280.0,120.0,0,0,7,,
HD-ML-NL-EL-ADAPT-CLASSICAL-S1,adaptive,EL-ADAPT-CLASSICAL,classical,HD,L,L,L,1,15,0.28500846869650637,0.059769495280177984,0.4112896463410972,0.29380125268659796,0.06219426658049901,0.42229125087196984,0.8970084686965064,3.4,3,4,0.0,76.5,3.5,0,0,,,
HD-ML-NL-EL-ADAPT-CLASSICAL-S2,adaptive,EL-ADAPT-CLASSICAL,classical,HD,L,L,L,2,11,13.288418053979733,0.46752507211504796,14.025767576837234,13.235878162294428,0.5797093314485274,14.112877585535832,14.188418053979733,5.0,4,6,0.0,82.5,0.0,0,0,,,
HD-ML-NL-EL-ADAPT-GMDS-S1,adaptive,EL-ADAPT-GMDS,GMDS,HD,L,L,L,1,14,0.7731633141551946,0.12121802931135502,0.941908301877868,0.7915286188157645,0.12563724753480454,0.9769383544853112,1.4545918855837658,3.7857142857142856,3,4,0.0,79.5,0.5,0,0,,,
HD-ML-NL-EL-ADAPT-GMDS-S2,adaptive,EL-ADAPT-GMDS,GMDS,HD,L,L,L,2,11,14.201318292680572,0.6490836415662653,15.264497785319847,14.22812300546272,0.8666383160279136,15.715337562259897,15.101318292680572,5.0,4,6,0.0,82.5,0.0,0,0,,,
HD-ML-NL-EL-ADAPT-SMACOF-S1,adaptive,EL-ADAPT-SMACOF,SMACOF,HD,L,L,L,1,15,0.14018626327002642,0.027024712451605436,0.18677764891785548,0.14528053483071196,0.028787026686061486,0.19424940216561698,0.7761862632700265,3.533333333333333,3,4,0.0,79.5,0.5,0,0,,,
HD-ML-NL-EL-ADAPT-SMACOF-S2,adaptive,EL-ADAPT-SMACOF,SMACOF,HD,L,L,L,2,11,13.478971119602669,0.48867507616000033,14.004447148198697,13.503957575715777,0.6465934702405643,14.363064290170772,14.378971119602669,5.0,4,6,0.0,82.5,0.0,0,0,,,
HD-ML-NL-EL-FIXK12-S1,fixed,FIXK12-S1,,HD,L,L,L,1,4,0.2685141496172622,0.03681261899798624,0.3179344871696413,0.27776670746517806,0.02423706605830583,0.3107832955293416,2.428514149617262,12.0,12,12,0.0,72.0,8.0,0,0,12,,
HD-ML-NL-EL-FIXK12-S2,fixed,FIXK12-S2,,HD,L,L,L,2,4,12.91068772542338,0.20146659385098167,13.169047039320121,12.527839716903904,0.6162620580036151,13.236183063663331,15.07068772542338,12.0,12,12,0.0,72.0,8.0,0,0,12,,
HD-ML-NL-EL-FIXK3-S1,fixed,FIXK3-S1,,HD,L,L,L,1,17,0.3073417111857018,0.044526871919434836,0.3912281762425563,0.3167300324626512,0.0463694016570653,0.402710646196851,0.8473417111857017,3.0,3,3,0.0,76.5,3.5,0,0,3,,
HD-ML-NL-EL-FIXK3-S2,fixed,FIXK3-S2,,HD,L,L,L,2,17,14.218263183616466,1.0744660953731553,16.532503876115072,14.34810686793304,1.2180198891348764,16.889175029054574,14.758263183616467,3.0,3,3,0.0,76.5,3.5,0,0,3,,
HD-ML-NL-EL-FIXK6-S1,fixed,FIXK6-S1,,HD,L,L,L,1,8,0.27623253869211234,0.04383738127452906,0.3483322382751997,0.28297712479503984,0.038568617718896546,0.3443484015099469,1.3562325386921121,6.0,6,6,0.0,72.0,8.0,0,0,6,,
HD-ML-NL-EL-FIXK6-S2,fixed,FIXK6-S2,,HD,L,L,L,2,8,12.959058607140118,0.2193744765320203,13.259181172356632,12.774275182826868,0.3252868991944777,13.238745069400187,14.039058607140118,6.0,6,6,0.0,72.0,8.0,0,0,6,,
HD-ML-NL-EL-FIXK9-S1,fixed,FIXK9-S1,,HD,L,L,L,1,5,0.2758609355030688,0.03729278467496475,0.3307234762732115,0.2831955138853669,0.026974574179383405,0.3202354340690476,1.895860935503069,9.0,9,9,0.0,67.5,12.5,0,0,9,,
HD-ML-NL-EL-FIXK9-S2,fixed,FIXK9-S2,,HD,L,L,L,2,5,12.842105889440777,0.18521334933732014,13.117658353645256,12.427755643389023,0.22590070551115854,12.761811498336545,14.462105889440775,9.0,9,9,0.0,67.5,12.5,0,0,9,,
HD-ML-NL-EL-GMDS-S1,GMDS,GMDS,,HD,L,L,L,1,7,0.8748360900785837,0.17031100162167262,1.1579764363846956,0.9238783973816318,0.16923459836415125,1.1980380968892401,2.1348360900785837,7.0,7,7,0.0,73.5,6.5,0,0,7,,
HD-ML-NL-EL-GMDS-S2,GMDS,GMDS,,HD,L,L,L,2,7,13.41501733747553,0.45527432015637104,14.100294650517691,13.143781087207612,0.4702995230817413,13.876977681929164,14.675017337475529,7.0,7,7,0.0,73.5,6.5,0,0,7,,
HD-ML-NL-EL-S1,adaptive,,classical,HD,L,L,L,1,15,0.28500846869650637,0.059769495280177984,0.4112896463410972,0.29380125268659796,0.06219426658049901,0.42229125087196984,0.8970084686965064,3.4,3,4,0.0,76.5,3.5,0,0,,,
HD-ML-NL-EL-S2,adaptive,,classical,HD,L,L,L,2,11,13.288418053979733,0.46752507211504796,14.025767576837234,13.235878162294428,0.5797093314485274,14.112877585535832,14.188418053979733,5.0,4,6,0.0,82.5,0.0,0,0,,,
HD-ML-NL-EL-S3,adaptive,,classical,HD,L,L,L,3,13,0.30682720351107606,0.04280572211008526,0.37072970067223654,0.31681102890946744,0.044357785024870415,0.38483555435153727,1.026827203511076,4.0,3,5,0.0,78.0,2.0,0,0,,,
HD-ML-NL-EL-SMACOF-S1,SMACOF,SMACOF,,HD,L,L,L,1,7,0.12080268341873097,0.01238087335343749,0.14108589942134692,0.12401446890774437,0.014723272071754133,0.14769250279856974,1.3808026834187308,7.0,7,7,0.0,73.5,6.5,0,0,7,,
HD-ML-NL-EL-SMACOF-S2,SMACOF,SMACOF,,HD,L,L,L,2,7,12.637390610830153,0.3049873865257485,13.050702983604364,12.42928788763987,0.3362901417593919,12.914180319293404,13.897390610830154,7.0,7,7,0.0,73.5,6.5,0,0,7,,
LD-MH-NH-EH-ADAPT-CLASSICAL-S1,adaptive,EH-ADAPT-CLASSICAL,classical,LD,H,H,H,1,40,14.030761573759701,4.692940457473465,21.998916241896442,13.34219394444419,4.975191547736909,23.214919611611045,15.367261573759702,7.425,4,10,0.0,297.0,103.0,0,0,,,
LD-MH-NH-EH-ADAPT-CLASSICAL-S2,adaptive,EH-ADAPT-CLASSICAL,classical,LD,H,H,H,2,40,11.99515616674599,4.441176095522898,19.380271356751965,11.956910620464033,4.452704184706173,19.2815090622614,12.99415616674599,5.55,4,7,0.0,222.0,178.0,0,0,,,
LD-MH-NH-EH-ADAPT-GMDS-S1,adaptive,EH-ADAPT-GMDS,GMDS,LD,H,H,H,1,40,14.897363965558952,4.599604070657053,21.101949513829187,16.030101824472418,4.911660027604332,22.83358306719193,16.197863965558952,7.225,4,9,0.0,289.0,111.0,0,0,,,
LD-MH-NH-EH-ADAPT-GMDS-S2,adaptive,EH-ADAPT-GMDS,GMDS,LD,H,H,H,2,40,13.117138774863218,3.7569327645361614,18.98018598231226,13.202004704866747,4.194297990081456,19.141085650713716,14.13863877486322,5.675,4,8,0.0,227.0,173.0,0,0,,,
LD-MH-NH-EH-ADAPT-SMACOF-S1,adaptive,EH-ADAPT-SMACOF,SMACOF,LD,H,H,H,1,40,12.615138465089268,8.092690728301385,26.257515962244973,13.092818468343154,8.429871760741017,27.315718457205467,13.434138465089267,4.55,4,6,0.0,182.0,218.0,0,0,,,
LD-MH-NH-EH-ADAPT-SMACOF-S2,adaptive,EH-ADAPT-SMACOF,SMACOF,LD,H,H,H,2,40,8.407806709934338,6.423787145059763,21.664576006590856,8.453474417609018,5.925677388764337,20.446351577639074,9.550806709934339,6.35,3,9,0.0,254.0,146.0,0,0,,,
LD-MH-NH-EH-FIXK12-S1,fixed,FIXK12-S1,,LD,H,H,H,1,33,12.027164586074834,3.384411862048939,17.745606442531386,10.426724557242045,4.268714662968092,18.7786867718396,14.187164586074834,12.0,12,12,0.0,396.0,4.0,0,0,12,,
LD-MH-NH-EH-FIXK12-S2,fixed,FIXK12-S2,,LD,H,H,H,2,33,12.059636936328534,4.143273665984659,18.901979920947444,10.20697541374355,3.6115556990661424,16.155072474036494,14.219636936328536,12.0,12,12,0.0,396.0,4.0,0,0,12,,
LD-MH-NH-EH-FIXK3-S1,fixed,FIXK3-S1,,LD,H,H,H,1,40,18.710221264314686,9.353876388657492,42.75983483083996,20.2565186868872,10.541279648037307,47.6765980226834,19.250221264314685,3.0,3,3,0.0,120.0,280.0,0,0,3,,
LD-MH-NH-EH-FIXK3-S2,fixed,FIXK3-S2,,LD,H,H,H,2,40,18.654022607049267,10.942955665904528,30.32795030784141,19.726947245634744,12.3609917194618,33.883253195307766,19.194022607049266,3.0,3,3,0.0,120.0,280.0,0,0,3,,
LD-MH-NH-EH-FIXK6-S1,fixed,FIXK6-S1,,LD,H,H,H,1,40,13.916163330173642,5.079482725814627,18.74388670599175,14.120326073353883,6.496206848645903,20.84441756004803,14.99616333017364,6.0,6,6,0.0,240.0,160.0,0,0,6,,
LD-MH-NH-EH-FIXK6-S2,fixed,FIXK6-S2,,LD,H,H,H,2,40,14.478195602025394,6.704347288444863,20.66510511548991,14.550891015376356,8.512480623393497,22.63280519305528,15.558195602025396,6.0,6,6,0.0,240.0,160.0,0,0,6,,
LD-MH-NH-EH-FIXK9-S1,fixed,FIXK9-S1,,LD,H,H,H,1,40,12.266000926611403,3.2603624283062955,17.492170945046702,11.833108804151205,3.8094054722956336,19.417489311997425,13.886000926611402,9.0,9,9,0.0,360.0,40.0,0,0,9,,
LD-MH-NH-EH-FIXK9-S2,fixed,FIXK9-S2,,LD,H,H,H,2,40,12.535880318546013,4.078178344829739,18.960424980421127,11.20390526303989,3.3578730076598626,17.57958105656786,14.155880318546014,9.0,9,9,0.0,360.0,40.0,0,0,9,,
LD-MH-NH-EH-GMDS-S1,GMDS,GMDS,,LD,H,H,H,1,40,12.088420092163432,3.868641297760148,18.73696150711764,12.818316289114444,4.02800947332397,18.880816021562275,13.348420092163432,7.0,7,7,0.0,280.0,120.0,0,0,7,,
LD-MH-NH-EH-GMDS-S2,GMDS,GMDS,,LD,H,H,H,2,40,13.691670275935214,4.485597347837557,20.6326245392189,14.314108787970607,4.697715205584546,20.519026161695447,14.951670275935214,7.0,7,7,0.0,280.0,120.0,0,0,7,,
LD-MH-NH-EH-S1,adaptive,,classical,LD,H,H,H,1,40,14.030761573759701,4.692940457473465,21.998916241896442,13.34219394444419,4.975191547736909,23.214919611611045,15.367261573759702,7.425,4,10,0.0,297.0,103.0,0,0,,,
LD-MH-NH-EH-S2,adaptive,,classical,LD,H,H,H,2,40,11.99515616674599,4.441176095522898,19.380271356751965,11.956910620464033,4.452704184706173,19.2815090622614,12.99415616674599,5.55,4,7,0.0,222.0,178.0,0,0,,,
LD-MH-NH-EH-S3,adaptive,,classical,LD,H,H,H,3,40,12.475235778973481,4.183342154562201,18.90133313628269,12.332305090893737,4.162104559687981,18.255750146532293,13.69923577897348,6.8,4,8,0.0,272.0,128.0,0,0,,,
LD-MH-NH-EH-SMACOF-S1,SMACOF,SMACOF,,LD,H,H,H,1,40,9.911712975470989,7.166029735221349,23.106849037669964,10.265920890609511,7.291565198439666,24.068528843477015,11.171712975470989,7.0,7,7,0.0,280.0,120.0,0,0,7,,
LD-MH-NH-EH-SMACOF-S2,SMACOF,SMACOF,,LD,H,H,H,2,40,12.091545035121007,7.410726049775797,22.28648030700598,11.748642709789161,7.117167428333802,22.778878144178975,13.351545035121006,7.0,7,7,0.0,280.0,120.0,0,0,7,,
LD-MH-NH-EL-ADAPT-CLASSICAL-S1,adaptive,EL-ADAPT-CLASSICAL,classical,LD,H,H,L,1,11,16.528402113548694,4.7456862438127745,23.343244031249363,16.336410438466654,5.487650764748217,24.88576911013486,17.428402113548692,5.0,4,6,0.0,82.5,0.0,0,0,,,
LD-MH-NH-EL-ADAPT-CLASSICAL-S2,adaptive,EL-ADAPT-CLASSICAL,classical,LD,H,H,L,2,11,13.229544391583676,3.9465200081952636,19.02158601932185,12.690684276791323,3.5906519113978583,18.249250669780324,14.129544391583677,5.0,4,6,0.0,82.5,0.0,0,0,,,
LD-MH-NH-EL-ADAPT-GMDS-S1,adaptive,EL-ADAPT-GMDS,GMDS,LD,H,H,L,1,11,12.808457809197234,4.267555176358624,19.10656150870492,13.44943367615855,4.290393910235429,20.102120277053046,13.708457809197235,5.0,4,6,0.0,82.5,0.0,0,0,,,
LD-MH-NH-EL-ADAPT-GMDS-S2,adaptive,EL-ADAPT-GMDS,GMDS,LD,H,H,L,2,11,12.06725118982506,3.8089997425435227,18.45531679948788,11.85112449884748,4.093919837487784,18.80984765200823,12.967251189825056,5.0,4,6,0.0,82.5,0.0,0,0,,,
LD-MH-NH-EL-ADAPT-SMACOF-S1,adaptive,EL-ADAPT-SMACOF,SMACOF,LD,H,H,L,1,12,11.78325341092953,6.71507324978024,22.32677979244224,11.704982495699594,6.649746057879768,21.672648137622648,12.59325341092953,4.5,4,5,0.0,81.0,0.0,0,0,,,
LD-MH-NH-EL-ADAPT-SMACOF-S2,adaptive,EL-ADAPT-SMACOF,SMACOF,LD,H,H,L,2,11,11.124798396585348,7.54369360863937,22.0550996334714,11.186715320947036,7.564144704313045,22.80462104522322,11.97570748749444,4.7272727272727275,3,6,0.0,78.0,2.0,0,0,,,
LD-MH-NH-EL-FIXK12-S1,fixed,FIXK12-S1,,LD,H,H,L,1,4,9.611705884772753,2.9380602629338113,13.706496979953076,8.760663800638255,2.491892040712216,12.10997670456176,11.771705884772754,12.0,12,12,0.0,72.0,8.0,0,0,12,,
LD-MH-NH-EL-FIXK12-S2,fixed,FIXK12-S2,,LD,H,H,L,2,4,16.063260888809413,3.6689273568338865,19.4518875734072,12.834052507529071,3.252018839199407,15.293638003999712,18.223260888809413,12.0,12,12,0.0,72.0,8.0,0,0,12,,
LD-MH-NH-EL-FIXK3-S1,fixed,FIXK3-S1,,LD,H,H,L,1,17,20.317389473849673,11.64437592088135,46.790940294369115,22.14184060152531,13.093398732925074,51.904458326804786,20.857389473849675,3.0,3,3,0.0,76.5,3.5,0,0,3,,
LD-MH-NH-EL-FIXK3-S2,fixed,FIXK3-S2,,LD,H,H,L,2,17,16.648742658079133,5.645524994010609,25.396694334994905,17.306987208644163,6.089599025641278,27.75662935751214,17.18874265807913,3.0,3,3,0.0,76.5,3.5,0,0,3,,
LD-MH-NH-EL-FIXK6-S1,fixed,FIXK6-S1,,LD,H,H,L,1,8,12.426848928225597,4.001750423842971,17.95127367555601,12.171737605891037,4.304812067041676,19.213532339958615,13.506848928225597,6.0,6,6,0.0,72.0,8.0,0,0,6,,
LD-MH-NH-EL-FIXK6-S2,fixed,FIXK6-S2,,LD,H,H,L,2,8,14.172157405648912,5.31664449200888,21.17485447266492,14.37497949377853,5.490010407533995,22.948732621481756,15.252157405648912,6.0,6,6,0.0,72.0,8.0,0,0,6,,
LD-MH-NH-EL-FIXK9-S1,fixed,FIXK9-S1,,LD,H,H,L,1,5,11.20177835270009,4.0434846784857985,16.902034260868202,10.913791389463812,5.36294004052222,19.137550562224156,12.82177835270009,9.0,9,9,0.0,67.5,12.5,0,0,9,,
LD-MH-NH-EL-FIXK9-S2,fixed,FIXK9-S2,,LD,H,H,L,2,5,14.450164123735131,5.023075586976478,20.06297174718435,13.805106971888398,4.652372870044061,20.78402614406182,16.070164123735132,9.0,9,9,0.0,67.5,12.5,0,0,9,,
LD-MH-NH-EL-GMDS-S1,GMDS,GMDS,,LD,H,H,L,1,7,7.424122190056598,0.5796152608324352,8.245786103467172,8.10871939593684,1.3894303683146727,10.055407423556916,8.684122190056597,7.0,7,7,0.0,73.5,6.5,0,0,7,,
LD-MH-NH-EL-GMDS-S2,GMDS,GMDS,,LD,H,H,L,2,7,12.866495978127444,4.961141815122733,19.805575610062014,13.196311290078313,5.4529892700023535,20.00345030259411,14.126495978127446,7.0,7,7,0.0,73.5,6.5,0,0,7,,
LD-MH-NH-EL-S1,adaptive,,classical,LD,H,H,L,1,11,16.528402113548694,4.7456862438127745,23.343244031249363,16.336410438466654,5.487650764748217,24.88576911013486,17.428402113548692,5.0,4,6,0.0,82.5,0.0,0,0,,,
LD-MH-NH-EL-S2,adaptive,,classical,LD,H,H,L,2,11,13.229544391583676,3.9465200081952636,19.02158601932185,12.690684276791323,3.5906519113978583,18.249250669780324,14.129544391583677,5.0,4,6,0.0,82.5,0.0,0,0,,,
LD-MH-NH-EL-S3,adaptive,,classical,LD,H,H,L,3,10,13.246428582637126,4.035094124845205,18.71854924043352,13.17319182386386,3.8141416237593413,17.9228334181061,14.182428582637124,5.2,4,7,0.0,78.0,2.0,0,0,,,
LD-MH-NH-EL-SMACOF-S1,SMACOF,SMACOF,,LD,H,H,L,1,7,7.468575987142951,5.423332352545347,16.624047874863727,7.271554786407961,5.394083161417711,16.510859684456662,8.728575987142952,7.0,7,7,0.0,73.5,6.5,0,0,7,,
LD-MH-NH-EL-SMACOF-S2,SMACOF,SMACOF,,LD,H,H,L,2,7,11.54403318011986,7.02289047472151,20.916506418670952,11.323956454244286,6.6569225307858835,19.72220106793119,12.80403318011986,7.0,7,7,0.0,73.5,6.5,0,0,7,,
LD-MH-NL-EH-ADAPT-CLASSICAL-S1,adaptive,EH-ADAPT-CLASSICAL,classical,LD,H,L,H,1,40,22.971304961837937,2.578094317376831,26.741066907042647,22.084843775961268,3.2309925889219904,26.919731923656485,24.253804961837936,7.125,3,10,0.0,285.0,115.0,0,0,,,
LD-MH-NL-EH-ADAPT-CLASSICAL-S2,adaptive,EH-ADAPT-CLASSICAL,classical,LD,H,L,H,2,40,14.22167064722873,9.10740491183389,22.43224288798618,14.022513531845679,8.961579382334643,24.218076619500312,15.09467064722873,4.85,3,7,0.0,194.0,206.0,0,0,,,
LD-MH-NL-EH-ADAPT-GMDS-S1,adaptive,EH-ADAPT-GMDS,GMDS,LD,H,L,H,1,40,14.490311607318674,3.880177221142401,21.08534165174681,15.24233208755983,4.017327082488715,21.16725382599264,15.574811607318674,6.025,3,8,0.0,241.0,159.0,0,0,,,
LD-MH-NL-EH-ADAPT-GMDS-S2,adaptive,EH-ADAPT-GMDS,GMDS,LD,H,L,H,2,40,13.60047737511779,2.9652385506213665,18.880348058900573,13.980291014104262,3.3204588598048237,20.688270991292736,14.671477375117792,5.95,4,8,0.0,238.0,162.0,0,0,,,
LD-MH-NL-EH-ADAPT-SMACOF-S1,adaptive,EH-ADAPT-SMACOF,SMACOF,LD,H,L,H,1,40,22.787910864791673,2.9260273645611954,26.85573609911124,22.433313741641072,3.6100466694118807,28.53457736215593,24.016410864791673,6.825,3,10,0.0,273.0,127.0,0,0,,,
LD-MH-NL-EH-ADAPT-SMACOF-S2,adaptive,EH-ADAPT-SMACOF,SMACOF,LD,H,L,H,2,40,13.753311694975697,9.77686006226013,25.24674140661052,13.700397773529781,9.780768911673404,26.010616334564716,14.558811694975697,4.475,3,7,0.0,179.0,221.0,0,0,,,
LD-MH-NL-EH-FIXK12-S1,fixed,FIXK12-S1,,LD,H,L,H,1,33,17.730013197496703,1.524901159744579,20.359284076187087,17.429196476754978,2.8695073245001868,22.57162387685984,19.890013197496703,12.0,12,12,0.0,396.0,4.0,0,0,12,,
LD-MH-NL-EH-FIXK12-S2,fixed,FIXK12-S2,,LD,H,L,H,2,33,10.531794763721065,8.83074796028939,20.147646874558802,10.180790776666406,8.98531040927964,22.78851773637583,12.691794763721063,12.0,12,12,0.0,396.0,4.0,0,0,12,,
LD-MH-NL-EH-FIXK3-S1,fixed,FIXK3-S1,,LD,H,L,H,1,40,18.13350753290623,2.364847606547189,22.262187051857577,18.53046899287816,2.681718150654518,22.237651867450623,18.67350753290623,3.0,3,3,0.0,120.0,280.0,0,0,3,,
LD-MH-NL-EH-FIXK3-S2,fixed,FIXK3-S2,,LD,H,L,H,2,40,11.26027686525475,9.18223501814297,21.424831186110595,11.534959844565382,9.368148981084955,22.089891204579654,11.800276865254752,3.0,3,3,0.0,120.0,280.0,0,0,3,,
LD-MH-NL-EH-FIXK6-S1,fixed,FIXK6-S1,,LD,H,L,H,1,40,17.578817057641224,1.9529228597487127,20.184635952512195,17.955050154469657,2.210279437877475,21.13577763796625,18.658817057641222,6.0,6,6,0.0,240.0,160.0,0,0,6,,
LD-MH-NL-EH-FIXK6-S2,fixed,FIXK6-S2,,LD,H,L,H,2,40,10.745789763083874,8.879244997051014,20.61157344382781,10.819710954737676,8.89839161038647,20.82919516651377,11.825789763083874,6.0,6,6,0.0,240.0,160.0,0,0,6,,
LD-MH-NL-EH-FIXK9-S1,fixed,FIXK9-S1,,LD,H,L,H,1,40,17.290263429038028,1.8904106114876766,19.64189398928881,17.626078934042997,2.151634497947918,20.431482469236503,18.91026342903803,9.0,9,9,0.0,360.0,40.0,0,0,9,,
LD-MH-NL-EH-FIXK9-S2,fixed,FIXK9-S2,,LD,H,L,H,2,40,10.54284146094711,8.74447457865193,20.01595425293933,10.310268462627697,8.603555186533399,20.64082780062875,12.16284146094711,9.0,9,9,0.0,360.0,40.0,0,0,9,,
LD-MH-NL-EH-GMDS-S1,GMDS,GMDS,,LD,H,L,H,1,40,12.549738077600818,3.539683409340135,18.19586240044919,13.840423247156583,4.211430154075222,21.21294833214082,13.809738077600818,7.0,7,7,0.0,280.0,120.0,0,0,7,,
LD-MH-NL-EH-GMDS-S2,GMDS,GMDS,,LD,H,L,H,2,40,13.728275081471347,4.2648574982383884,20.305079182994014,14.699148721059899,4.261251429306031,20.959655341343428,14.988275081471347,7.0,7,7,0.0,280.0,120.0,0,0,7,,
LD-MH-NL-EH-S1,adaptive,,classical,LD,H,L,H,1,40,22.971304961837937,2.578094317376831,26.741066907042647,22.084843775961268,3.2309925889219904,26.919731923656485,24.253804961837936,7.125,3,10,0.0,285.0,115.0,0,0,,,
LD-MH-NL-EH-S2,adaptive,,classical,LD,H,L,H,2,40,14.22167064722873,9.10740491183389,22.43224288798618,14.022513531845679,8.961579382334643,24.218076619500312,15.09467064722873,4.85,3,7,0.0,194.0,206.0,0,0,,,
LD-MH-NL-EH-S3,adaptive,,classical,LD,H,L,H,3,40,10.425114336199957,9.51300183830032,23.424026403925435,10.567304693197041,9.618547629299494,24.889799269744035,11.199114336199957,4.3,3,6,0.0,172.0,228.0,0,0,,,
LD-MH-NL-EH-SMACOF-S1,SMACOF,SMACOF,,LD,H,L,H,1,40,17.33500294030365,3.4055884509586094,22.392322408498803,17.73937376367943,3.5779040322803453,23.431880189248027,18.59500294030365,7.0,7,7,0.0,280.0,120.0,0,0,7,,
LD-MH-NL-EH-SMACOF-S2,SMACOF,SMACOF,,LD,H,L,H,2,40,10.583925348303733,9.49410762051578,22.941669815946547,10.300440351987636,9.221158334602805,22.114406056435456,11.843925348303733,7.0,7,7,0.0,280.0,120.0,0,0,7,,
LD-MH-NL-EL-ADAPT-CLASSICAL-S1,adaptive,EL-ADAPT-CLASSICAL,classical,LD,H,L,L,1,13,21.277605086392548,1.3408805340029604,23.65869096941691,21.226326864774673,1.8114075964754892,24.489295431752335,21.997605086392547,4.0,3,5,0.0,78.0,2.0,0,0,,,
LD-MH-NL-EL-ADAPT-CLASSICAL-S2,adaptive,EL-ADAPT-CLASSICAL,classical,LD,H,L,L,2,11,21.03722069169123,0.7201001153869826,22.26382177444139,20.343542873484363,1.2642993049374291,22.277800687584733,21.904493418963952,4.818181818181818,4,6,0.0,79.5,0.5,0,0,,,
LD-MH-NL-EL-ADAPT-GMDS-S1,adaptive,EL-ADAPT-GMDS,GMDS,LD,H,L,L,1,13,12.679432281161954,3.4213946095067183,17.819612880209633,13.356573205345118,3.7666457024290927,19.281534440455733,13.399432281161953,4.0,3,5,0.0,78.0,2.0,0,0,,,
LD-MH-NL-EL-ADAPT-GMDS-S2,adaptive,EL-ADAPT-GMDS,GMDS,LD,H,L,L,2,11,10.942060655125982,2.974752721526128,15.84305772025311,11.413539456009334,3.3682739523485337,17.27430347852106,11.825697018762344,4.909090909090909,4,6,0.0,81.0,0.0,0,0,,,
LD-MH-NL-EL-ADAPT-SMACOF-S1,adaptive,EL-ADAPT-SMACOF,SMACOF,LD,H,L,L,1,13,21.606441978343646,2.4811762713447987,24.775022188703332,21.547456522122637,3.021516902107458,26.01308041561634,22.32644197834365,4.0,3,5,0.0,78.0,2.0,0,0,,,
LD-MH-NL-EL-ADAPT-SMACOF-S2,adaptive,EL-ADAPT-SMACOF,SMACOF,LD,H,L,L,2,11,20.189393382349735,3.389501397764558,24.481528738125554,19.436945438739492,3.286256660140599,24.40528008892658,21.05666610962246,4.818181818181818,4,6,0.0,79.5,0.5,0,0,,,
LD-MH-NL-EL-FIXK12-S1,fixed,FIXK12-S1,,LD,H,L,L,1,4,20.285508005817597,1.1328964105300314,21.426307243571955,22.52835228560664,2.7308158869069756,25.649923307003917,22.445508005817597,12.0,12,12,0.0,72.0,8.0,0,0,12,,
LD-MH-NL-EL-FIXK12-S2,fixed,FIXK12-S2,,LD,H,L,L,2,4,19.400752311655808,0.45068170316508416,19.92247692486696,17.58538965061792,1.9677038231281372,20.164906035719856,21.560752311655804,12.0,12,12,0.0,72.0,8.0,0,0,12,,
LD-MH-NL-EL-FIXK3-S1,fixed,FIXK3-S1,,LD,H,L,L,1,17,19.92134164133633,1.7862413304128906,23.127759867473245,20.328941848452107,2.106188573009676,24.655493779066386,20.46134164133633,3.0,3,3,0.0,76.5,3.5,0,0,3,,
LD-MH-NL-EL-FIXK3-S2,fixed,FIXK3-S2,,LD,H,L,L,2,17,16.90378375271526,7.250557960969143,21.96035058726392,17.23160160573504,7.426475004351215,23.09021256935097,17.443783752715255,3.0,3,3,0.0,76.5,3.5,0,0,3,,
LD-MH-NL-EL-FIXK6-S1,fixed,FIXK6-S1,,LD,H,L,L,1,8,19.413924486367332,1.3673864684488652,21.450574370013666,19.31295616616558,1.8103804686560614,21.86897337535128,20.49392448636733,6.0,6,6,0.0,72.0,8.0,0,0,6,,
LD-MH-NL-EL-FIXK6-S2,fixed,FIXK6-S2,,LD,H,L,L,2,8,20.188801754083,1.0885750843811126,21.99889388458296,19.85090786320045,1.7845887596278838,22.786849780669808,21.268801754082997,6.0,6,6,0.0,72.0,8.0,0,0,6,,
LD-MH-NL-EL-FIXK9-S1,fixed,FIXK9-S1,,LD,H,L,L,1,5,19.92495733916541,1.0233256212873032,21.231726885217263,20.20878329055602,0.41886257853117087,20.80869684248077,21.54495733916541,9.0,9,9,0.0,67.5,12.5,0,0,9,,
LD-MH-NL-EL-FIXK9-S2,fixed,FIXK9-S2,,LD,H,L,L,2,5,19.652953663631823,0.5517999065037693,20.32824222045512,18.050291856972958,1.672964576388312,19.89735026742804,21.272953663631824,9.0,9,9,0.0,67.5,12.5,0,0,9,,
LD-MH-NL-EL-GMDS-S1,GMDS,GMDS,,LD,H,L,L,1,7,12.582937217312558,5.5280483172182295,20.32009945648425,14.001174183837255,7.040617065501422,22.560288989498254,13.842937217312558,7.0,7,7,0.0,73.5,6.5,0,0,7,,
LD-MH-NL-EL-GMDS-S2,GMDS,GMDS,,LD,H,L,L,2,7,11.885275539342887,5.006492958153639,20.023142216980773,12.713592794923082,4.415614124820467,19.92743721487074,13.145275539342887,7.0,7,7,0.0,73.5,6.5,0,0,7,,
LD-MH-NL-EL-S1,adaptive,,classical,LD,H,L,L,1,13,21.277605086392548,1.3408805340029604,23.65869096941691,21.226326864774673,1.8114075964754892,24.489295431752335,21.997605086392547,4.0,3,5,0.0,78.0,2.0,0,0,,,
LD-MH-NL-EL-S2,adaptive,,classical,LD,H,L,L,2,11,21.03722069169123,0.7201001153869826,22.26382177444139,20.343542873484363,1.2642993049374291,22.277800687584733,21.904493418963952,4.818181818181818,4,6,0.0,79.5,0.5,0,0,,,
LD-MH-NL-EL-S3,adaptive,,classical,LD,H,L,L,3,14,1.1450615536218796,0.38691474164998135,1.801230029339424,1.2529982241778013,0.3937476889182381,1.9554906958797234,1.8393472679075937,3.857142857142857,3,5,0.0,81.0,0.0,0,0,,,
LD-MH-NL-EL-SMACOF-S1,SMACOF,SMACOF,,LD,H,L,L,1,7,18.36386775583305,2.5855396444236454,21.77805894328393,18.228170660122647,2.356093243935566,20.685387565144108,19.623867755833054,7.0,7,7,0.0,73.5,6.5,0,0,7,,
LD-MH-NL-EL-SMACOF-S2,SMACOF,SMACOF,,LD,H,L,L,2,7,21.81606809493523,1.3029548555216743,23.162901152982325,21.050235790152406,1.0378841840245547,22.276557503919197,23.076068094935234,7.0,7,7,0.0,73.5,6.5,0,0,7,,
LD-ML-NH-EH-ADAPT-CLASSICAL-S1,adaptive,EH-ADAPT-CLASSICAL,classical,LD,L,H,H,1,40,14.890062898273598,4.2020532871249285,20.00077199655045,14.897614107068033,4.107245506213691,21.510424158089936,16.199562898273598,7.275,4,10,0.0,291.0,109.0,0,0,,,
LD-ML-NH-EH-ADAPT-CLASSICAL-S2,adaptive,EH-ADAPT-CLASSICAL,classical,LD,L,H,H,2,40,13.078133869826235,9.301439182337829,21.196945706483877,13.617105706335817,10.982751269388919,20.274793899024477,14.279633869826233,6.675,4,9,0.0,267.0,133.0,0,0,,,
LD-ML-NH-EH-ADAPT-GMDS-S1,adaptive,EH-ADAPT-GMDS,GMDS,LD,L,H,H,1,40,9.30117403471826,2.6459553653530126,15.640575060798929,9.756580501797135,3.1809521793751383,17.855336201357012,10.696174034718258,7.75,4,10,0.0,310.0,90.0,0,0,,,
LD-ML-NH-EH-ADAPT-GMDS-S2,adaptive,EH-ADAPT-GMDS,GMDS,LD,L,H,H,2,40,12.237362315339732,4.680648517657652,19.137063195772697,12.296108005916913,4.824596022676715,19.907568025853255,13.497362315339732,7.0,4,9,0.0,280.0,120.0,0,0,,,
LD-ML-NH-EH-ADAPT-SMACOF-S1,adaptive,EH-ADAPT-SMACOF,SMACOF,LD,L,H,H,1,40,11.839919065519048,8.229258857169981,25.896874388441592,12.13254057407186,8.365485977730401,28.0962908301049,12.726419065519048,4.925,4,6,0.0,197.0,203.0,0,0,,,
LD-ML-NH-EH-ADAPT-SMACOF-S2,adaptive,EH-ADAPT-SMACOF,SMACOF,LD,L,H,H,2,40,9.276566592406695,6.8055882651083985,22.229550464676155,9.236919187229132,6.310406242927826,20.541139477949784,10.437566592406695,6.45,3,10,0.0,258.0,142.0,0,0,,,
LD-ML-NH-EH-FIXK12-S1,fixed,FIXK12-S1,,LD,L,H,H,1,33,12.757659848713478,4.163145721768453,19.937437553279864,11.758099371313337,4.672156745817837,19.650368672573777,14.91765984871348,12.0,12,12,0.0,396.0,4.0,0,0,12,,
LD-ML-NH-EH-FIXK12-S2,fixed,FIXK12-S2,,LD,L,H,H,2,33,11.036011205210837,3.788721279185786,17.733402430699584,8.851880848896034,3.3723782148445194,13.589820380699852,13.196011205210837,12.0,12,12,0.0,396.0,4.0,0,0,12,,
LD-ML-NH-EH-FIXK3-S1,fixed,FIXK3-S1,,LD,L,H,H,1,40,19.06047525118663,10.900770817548086,41.116559424540014,20.388324099664082,12.230429373049155,45.94306256104732,19.60047525118663,3.0,3,3,0.0,120.0,280.0,0,0,3,,
LD-ML-NH-EH-FIXK3-S2,fixed,FIXK3-S2,,LD,L,H,H,2,40,18.082280230105937,9.694787062341119,41.19597524874992,19.511027214569985,10.960112702318687,46.03611598692469,18.622280230105936,3.0,3,3,0.0,120.0,280.0,0,0,3,,
LD-ML-NH-EH-FIXK6-S1,fixed,FIXK6-S1,,LD,L,H,H,1,40,13.446703081137434,4.36370178416494,19.900620612383097,13.614339956940219,4.424387807117569,21.166465076040588,14.526703081137436,6.0,6,6,0.0,240.0,160.0,0,0,6,,
LD-ML-NH-EH-FIXK6-S2,fixed,FIXK6-S2,,LD,L,H,H,2,40,12.420624634312242,3.9463052028658314,19.64399545483822,12.618064358410999,4.200336323150942,18.96606834654767,13.500624634312242,6.0,6,6,0.0,240.0,160.0,0,0,6,,
LD-ML-NH-EH-FIXK9-S1,fixed,FIXK9-S1,,LD,L,H,H,1,40,12.638494567542791,4.19469266434232,19.78123532993811,12.336542962610462,3.403517806095152,17.956445068246996,14.258494567542792,9.0,9,9,0.0,360.0,40.0,0,0,9,,
LD-ML-NH-EH-FIXK9-S2,fixed,FIXK9-S2,,LD,L,H,H,2,40,11.716961174110057,3.9269914599243743,18.234580360302452,11.080374625299356,4.474488331236325,18.67362290567832,13.336961174110058,9.0,9,9,0.0,360.0,40.0,0,0,9,,
LD-ML-NH-EH-GMDS-S1,GMDS,GMDS,,LD,L,H,H,1,40,10.468972924317045,4.568681118495846,20.924076186063495,10.79571195294025,4.9526201031939845,21.226403491935745,11.728972924317045,7.0,7,7,0.0,280.0,120.0,0,0,7,,
LD-ML-NH-EH-GMDS-S2,GMDS,GMDS,,LD,L,H,H,2,40,15.800666969883087,4.8402468841391375,21.739056505422244,16.103745196057908,5.089130962184147,22.344866062746156,17.06066696988309,7.0,7,7,0.0,280.0,120.0,0,0,7,,
LD-ML-NH-EH-S1,adaptive,,classical,LD,L,H,H,1,40,14.890062898273598,4.2020532871249285,20.00077199655045,14.897614107068033,4.107245506213691,21.510424158089936,16.199562898273598,7.275,4,10,0.0,291.0,109.0,0,0,,,
LD-ML-NH-EH-S2,adaptive,,classical,LD,L,H,H,2,40,13.078133869826235,9.301439182337829,21.196945706483877,13.617105706335817,10.982751269388919,20.274793899024477,14.279633869826233,6.675,4,9,0.0,267.0,133.0,0,0,,,
LD-ML-NH-EH-S3,adaptive,,classical,LD,L,H,H,3,40,12.922702620341624,6.645797417048852,21.23115078804973,13.25692580796958,8.252565491128998,23.090932904416114,13.939702620341626,5.65,3,8,0.0,226.0,174.0,0,0,,,
LD-ML-NH-EH-SMACOF-S1,SMACOF,SMACOF,,LD,L,H,H,1,40,10.142715807783155,7.5344712798693205,22.48635902626983,10.381447633319668,7.6618988611845396,23.460879921868,11.402715807783157,7.0,7,7,0.0,280.0,120.0,0,0,7,,
LD-ML-NH-EH-SMACOF-S2,SMACOF,SMACOF,,LD,L,H,H,2,40,9.17499930607041,6.6912639889256,21.652862222071082,8.920673577787687,6.401210918485456,21.061096998063803,10.43499930607041,7.0,7,7,0.0,280.0,120.0,0,0,7,,
LD-ML-NH-EL-ADAPT-CLASSICAL-S1,adaptive,EL-ADAPT-CLASSICAL,classical,LD,L,H,L,1,11,16.11822298627172,4.530171132443205,21.51545684964038,16.974947526269716,4.543639278970148,22.74661867600659,17.018222986271724,5.0,4,6,0.0,82.5,0.0,0,0,,,
LD-ML-NH-EL-ADAPT-CLASSICAL-S2,adaptive,EL-ADAPT-CLASSICAL,classical,LD,L,H,L,2,11,19.345167435371522,15.066964610970963,48.29960102079099,20.614131233635774,18.405925965317728,57.103638421517346,20.245167435371524,5.0,4,6,0.0,82.5,0.0,0,0,,,
LD-ML-NH-EL-ADAPT-GMDS-S1,adaptive,EL-ADAPT-GMDS,GMDS,LD,L,H,L,1,11,8.907214098502399,1.1625077989412447,10.992636011289306,9.425644414867172,1.5861656499568368,12.165284889629667,9.8072140985024,5.0,4,6,0.0,82.5,0.0,0,0,,,
LD-ML-NH-EL-ADAPT-GMDS-S2,adaptive,EL-ADAPT-GMDS,GMDS,LD,L,H,L,2,11,13.96834266715104,4.679328100093632,19.60184123880684,14.581193486508521,5.277062437358722,20.4979141279138,14.851979030787401,4.909090909090909,4,6,0.0,81.0,0.0,0,0,,,
LD-ML-NH-EL-ADAPT-SMACOF-S1,adaptive,EL-ADAPT-SMACOF,SMACOF,LD,L,H,L,1,11,11.355053060859857,8.212504516968597,24.228406566888836,11.473796347871327,7.875754641537024,24.65939429312079,12.255053060859858,5.0,4,6,0.0,82.5,0.0,0,0,,,
LD-ML-NH-EL-ADAPT-SMACOF-S2,adaptive,EL-ADAPT-SMACOF,SMACOF,LD,L,H,L,2,14,10.174096376173278,7.727432826255717,23.50947913261353,10.416452237507333,7.281978534659108,22.98429356113051,10.881239233316135,3.9285714285714284,3,5,0.0,82.5,0.0,0,0,,,
LD-ML-NH-EL-FIXK12-S1,fixed,FIXK12-S1,,LD,L,H,L,1,4,12.912074683595076,4.672369016006819,18.34990736619353,10.289316297042078,4.833803192521847,16.994344044593888,15.072074683595076,12.0,12,12,0.0,72.0,8.0,0,0,12,,
LD-ML-NH-EL-FIXK12-S2,fixed,FIXK12-S2,,LD,L,H,L,2,4,14.518769958253994,3.3328658150508987,18.218594429979035,10.192506433871488,2.3543282640841463,13.240530673920414,16.678769958253994,12.0,12,12,0.0,72.0,8.0,0,0,12,,
LD-ML-NH-EL-FIXK3-S1,fixed,FIXK3-S1,,LD,L,H,L,1,17,16.102080211369895,4.912097727785178,24.086123810609475,17.425251194456205,5.420479688521757,25.68997664371722,16.642080211369894,3.0,3,3,0.0,76.5,3.5,0,0,3,,
LD-ML-NH-EL-FIXK3-S2,fixed,FIXK3-S2,,LD,L,H,L,2,17,16.399535451202507,4.500323692610813,25.053154293226275,17.45685248619443,5.0432462798304485,26.79130189596243,16.939535451202506,3.0,3,3,0.0,76.5,3.5,0,0,3,,
LD-ML-NH-EL-FIXK6-S1,fixed,FIXK6-S1,,LD,L,H,L,1,8,12.982369500952576,3.9731114955851283,18.78039744509656,12.81698861540004,3.9506324816999623,19.187880905828738,14.062369500952574,6.0,6,6,0.0,72.0,8.0,0,0,6,,
LD-ML-NH-EL-FIXK6-S2,fixed,FIXK6-S2,,LD,L,H,L,2,8,13.020367348808271,4.104924704132551,19.227816205021572,13.668680099548464,4.71766958824503,21.114924856391823,14.100367348808271,6.0,6,6,0.0,72.0,8.0,0,0,6,,
LD-ML-NH-EL-FIXK9-S1,fixed,FIXK9-S1,,LD,L,H,L,1,5,13.700016522203859,4.345416660465078,17.884625458645385,11.830325155826305,3.6667649837587084,16.81808498151715,15.320016522203858,9.0,9,9,0.0,67.5,12.5,0,0,9,,
LD-ML-NH-EL-FIXK9-S2,fixed,FIXK9-S2,,LD,L,H,L,2,5,15.240389229715163,2.5809881348004398,19.011111086493866,12.858499549807277,4.547274625706188,19.721667353696397,16.860389229715164,9.0,9,9,0.0,67.5,12.5,0,0,9,,
LD-ML-NH-EL-GMDS-S1,GMDS,GMDS,,LD,L,H,L,1,7,9.332736425139723,4.205517684029043,16.269760546710575,9.41172520439498,4.689947504490725,17.111048735715748,10.592736425139723,7.0,7,7,0.0,73.5,6.5,0,0,7,,
LD-ML-NH-EL-GMDS-S2,GMDS,GMDS,,LD,L,H,L,2,7,10.916917852230792,4.93306157556675,18.89851653353968,11.48656293961176,5.538420374411239,20.233357718390533,12.176917852230792,7.0,7,7,0.0,73.5,6.5,0,0,7,,
LD-ML-NH-EL-S1,adaptive,,classical,LD,L,H,L,1,11,16.11822298627172,4.530171132443205,21.51545684964038,16.974947526269716,4.543639278970148,22.74661867600659,17.018222986271724,5.0,4,6,0.0,82.5,0.0,0,0,,,
LD-ML-NH-EL-S2,adaptive,,classical,LD,L,H,L,2,11,19.345167435371522,15.066964610970963,48.29960102079099,20.614131233635774,18.405925965317728,57.103638421517346,20.245167435371524,5.0,4,6,0.0,82.5,0.0,0,0,,,
LD-ML-NH-EL-S3,adaptive,,classical,LD,L,H,L,3,15,13.052203110119008,5.395469988578752,21.364523295812166,13.854408519411392,5.7355523008078615,23.328364601866152,13.70020311011901,3.6,3,4,0.0,81.0,0.0,0,0,,,
LD-ML-NH-EL-SMACOF-S1,SMACOF,SMACOF,,LD,L,H,L,1,7,9.432727078400507,7.43536863708495,21.550217040052367,9.748631877292635,7.409641992506343,21.84998760345218,10.692727078400509,7.0,7,7,0.0,73.5,6.5,0,0,7,,
LD-ML-NH-EL-SMACOF-S2,SMACOF,SMACOF,,LD,L,H,L,2,7,12.631177045242056,7.9399572083399415,21.85851287803348,12.035769986862098,7.725939017429937,21.26301679979997,13.891177045242056,7.0,7,7,0.0,73.5,6.5,0,0,7,,
LD-ML-NL-EH-ADAPT-CLASSICAL-S1,adaptive,EH-ADAPT-CLASSICAL,classical,LD,L,L,H,1,40,22.715794406197855,0.9048797586494559,24.220036795599192,22.927512764953196,2.2118864349158964,26.270515321584444,23.818294406197857,6.125,3,9,0.0,245.0,155.0,0,0,,,
LD-ML-NL-EH-ADAPT-CLASSICAL-S2,adaptive,EH-ADAPT-CLASSICAL,classical,LD,L,L,H,2,40,19.48537451293875,1.0209538188849194,21.223142888458003,18.70767479832876,1.9630527897177694,22.171275278568018,20.907374512938752,7.9,4,11,0.0,316.0,84.0,0,0,,,
LD-ML-NL-EH-ADAPT-GMDS-S1,adaptive,EH-ADAPT-GMDS,GMDS,LD,L,L,H,1,40,9.616953603169907,1.4915791849135915,13.059407106737856,10.511709324829116,2.0147333819324333,14.828431240595295,10.822953603169909,6.7,3,10,0.0,268.0,132.0,0,0,,,
LD-ML-NL-EH-ADAPT-GMDS-S2,adaptive,EH-ADAPT-GMDS,GMDS,LD,L,L,H,2,40,12.118863651779815,2.660005435065036,16.351718915314372,13.08244320429661,3.618449002637927,19.046046429130623,13.338363651779815,6.775,4,10,0.0,271.0,129.0,0,0,,,
LD-ML-NL-EH-ADAPT-SMACOF-S1,adaptive,EH-ADAPT-SMACOF,SMACOF,LD,L,L,H,1,40,22.62642741148878,1.535404490774151,25.156214882111843,23.02437615832222,2.3692177460759183,27.201470423282803,23.72892741148878,6.125,3,9,0.0,245.0,155.0,0,0,,,
LD-ML-NL-EH-ADAPT-SMACOF-S2,adaptive,EH-ADAPT-SMACOF,SMACOF,LD,L,L,H,2,40,18.69068126674669,2.7137882489530667,22.365430818844516,18.40202858813786,2.6502812956668986,22.850739533554066,20.11268126674669,7.9,4,11,0.0,316.0,84.0,0,0,,,
LD-ML-NL-EH-FIXK12-S1,fixed,FIXK12-S1,,LD,L,L,H,1,33,20.449643346851587,0.7968909125722031,21.616830964865137,20.491144994741276,2.777568225970882,24.43747477323114,22.60964334685159,12.0,12,12,0.0,396.0,4.0,0,0,12,,
LD-ML-NL-EH-FIXK12-S2,fixed,FIXK12-S2,,LD,L,L,H,2,33,19.144374154819793,0.648138907953744,20.321723790328566,17.33487500442362,3.4378193690679164,22.074643734974337,21.304374154819794,12.0,12,12,0.0,396.0,4.0,0,0,12,,
LD-ML-NL-EH-FIXK3-S1,fixed,FIXK3-S1,,LD,L,L,H,1,40,21.863067171847952,1.6802134512625932,24.65800366166716,22.521488220638034,2.138017587698779,26.74666558763723,22.403067171847947,3.0,3,3,0.0,120.0,280.0,0,0,3,,
LD-ML-NL-EH-FIXK3-S2,fixed,FIXK3-S2,,LD,L,L,H,2,40,20.81034291938358,1.5223331861915657,23.03438820796029,20.94927221390863,2.258218259754923,24.43443394893564,21.350342919383582,3.0,3,3,0.0,120.0,280.0,0,0,3,,
LD-ML-NL-EH-FIXK6-S1,fixed,FIXK6-S1,,LD,L,L,H,1,40,20.6597049017628,0.9028715353874718,22.172270317070552,20.79438676505819,1.658362911771975,24.10235333658559,21.7397049017628,6.0,6,6,0.0,240.0,160.0,0,0,6,,
LD-ML-NL-EH-FIXK6-S2,fixed,FIXK6-S2,,LD,L,L,H,2,40,19.584801684557092,0.7866804549956554,20.70731867002188,18.618148818721806,1.8444959720734428,21.081655195791935,20.66480168455709,6.0,6,6,0.0,240.0,160.0,0,0,6,,
LD-ML-NL-EH-FIXK9-S1,fixed,FIXK9-S1,,LD,L,L,H,1,40,20.399137046728463,0.7662937559623928,21.366451116322022,20.281757339774714,1.7901891574751767,22.288542357296446,22.019137046728464,9.0,9,9,0.0,360.0,40.0,0,0,9,,
LD-ML-NL-EH-FIXK9-S2,fixed,FIXK9-S2,,LD,L,L,H,2,40,19.324084638322525,0.6476957913370082,20.22196166589195,18.135975995017958,1.6534902915045944,20.484939217428554,20.944084638322526,9.0,9,9,0.0,360.0,40.0,0,0,9,,
LD-ML-NL-EH-GMDS-S1,GMDS,GMDS,,LD,L,L,H,1,40,10.29983443428906,4.27478391499815,20.4433870041089,10.741939465011361,4.457434097705252,21.531739739824687,11.55983443428906,7.0,7,7,0.0,280.0,120.0,0,0,7,,
LD-ML-NL-EH-GMDS-S2,GMDS,GMDS,,LD,L,L,H,2,40,12.62225504654945,2.4603789424463853,16.285661695134017,13.494258013349747,2.476253232930833,17.3427653728455,13.88225504654945,7.0,7,7,0.0,280.0,120.0,0,0,7,,
LD-ML-NL-EH-S1,adaptive,,classical,LD,L,L,H,1,40,22.715794406197855,0.9048797586494559,24.220036795599192,22.927512764953196,2.2118864349158964,26.270515321584444,23.818294406197857,6.125,3,9,0.0,245.0,155.0,0,0,,,
LD-ML-NL-EH-S2,adaptive,,classical,LD,L,L,H,2,40,19.48537451293875,1.0209538188849194,21.223142888458003,18.70767479832876,1.9630527897177694,22.171275278568018,20.907374512938752,7.9,4,11,0.0,316.0,84.0,0,0,,,
LD-ML-NL-EH-S3,adaptive,,classical,LD,L,L,H,3,40,1.3753880198298503,2.5871535937046573,1.4972011196954604,1.4372897127899784,2.3833317936079172,1.7348227874382676,2.21238801982985,4.65,3,6,0.0,186.0,214.0,0,0,,,
LD-ML-NL-EH-SMACOF-S1,SMACOF,SMACOF,,LD,L,L,H,1,40,20.43724090275916,2.083848265188742,23.2907880408839,20.645733225435137,2.451221273803058,24.7297125486461,21.69724090275916,7.0,7,7,0.0,280.0,120.0,0,0,7,,
LD-ML-NL-EH-SMACOF-S2,SMACOF,SMACOF,,LD,L,L,H,2,40,19.555121217379135,2.068414660927076,22.87497113831391,18.717137196538495,2.2259439873953077,21.765694190525995,20.815121217379136,7.0,7,7,0.0,280.0,120.0,0,0,7,,
LD-ML-NL-EL-ADAPT-CLASSICAL-S1,adaptive,EL-ADAPT-CLASSICAL,classical,LD,L,L,L,1,13,22.44825001070131,1.1424602337072027,24.49816640229551,22.35760951886613,1.6483593783232653,25.323952011388357,23.16825001070131,4.0,3,5,0.0,78.0,2.0,0,0,,,
LD-ML-NL-EL-ADAPT-CLASSICAL-S2,adaptive,EL-ADAPT-CLASSICAL,classical,LD,L,L,L,2,11,20.23659367714763,0.979663335304883,21.810892999869765,19.8737783024408,1.450124617752373,22.489409230189796,21.120230040783994,4.909090909090909,4,6,0.0,81.0,0.0,0,0,,,
LD-ML-NL-EL-ADAPT-GMDS-S1,adaptive,EL-ADAPT-GMDS,GMDS,LD,L,L,L,1,13,9.557829163282557,1.060637607091209,11.580523540892878,9.95400879878999,1.3324031143278137,12.351805274347518,10.277829163282556,4.0,3,5,0.0,78.0,2.0,0,0,,,
LD-ML-NL-EL-ADAPT-GMDS-S2,adaptive,EL-ADAPT-GMDS,GMDS,LD,L,L,L,2,11,12.52758503393781,2.2482590207461053,15.778780152654551,13.248893217316374,2.5873887719696653,16.86231633317619,13.411221397574172,4.909090909090909,4,6,0.0,81.0,0.0,0,0,,,
LD-ML-NL-EL-ADAPT-SMACOF-S1,adaptive,EL-ADAPT-SMACOF,SMACOF,LD,L,L,L,1,13,22.568911149762222,1.606549653644445,25.113230877455198,22.507618664292586,2.094195983630088,26.391321934157133,23.288911149762217,4.0,3,5,0.0,78.0,2.0,0,0,,,
LD-ML-NL-EL-ADAPT-SMACOF-S2,adaptive,EL-ADAPT-SMACOF,SMACOF,LD,L,L,L,2,11,19.377010274338815,3.543561600007038,23.621937037118705,18.530185299072425,3.4230753920080943,23.613749460936532,20.260646637975174,4.909090909090909,4,6,0.0,81.0,0.0,0,0,,,
LD-ML-NL-EL-FIXK12-S1,fixed,FIXK12-S1,,LD,L,L,L,1,4,21.437513925321365,0.3990733216701637,21.78304489086065,22.628027843329573,1.43079494810772,24.1371262565725,23.597513925321365,12.0,12,12,0.0,72.0,8.0,0,0,12,,
LD-ML-NL-EL-FIXK12-S2,fixed,FIXK12-S2,,LD,L,L,L,2,4,19.34380166784377,0.5573979147472454,19.933888498112204,18.82778553214738,4.372010310165042,23.099967408733733,21.503801667843774,12.0,12,12,0.0,72.0,8.0,0,0,12,,
LD-ML-NL-EL-FIXK3-S1,fixed,FIXK3-S1,,LD,L,L,L,1,17,22.498528261745147,1.3833618804996952,25.568869208350478,23.08262697326399,2.004346387971096,27.23654796713146,23.038528261745146,3.0,3,3,0.0,76.5,3.5,0,0,3,,
LD-ML-NL-EL-FIXK3-S2,fixed,FIXK3-S2,,LD,L,L,L,2,17,20.799409065551025,0.993572765261778,22.062971591691888,20.989814685600976,1.5186210718240216,23.477630393811385,21.33940906555102,3.0,3,3,0.0,76.5,3.5,0,0,3,,
LD-ML-NL-EL-FIXK6-S1,fixed,FIXK6-S1,,LD,L,L,L,1,8,21.05324304175502,0.8278707474265304,22.116733997973963,20.820253770806783,1.5028688172396154,23.257978256764975,22.13324304175502,6.0,6,6,0.0,72.0,8.0,0,0,6,,
LD-ML-NL-EL-FIXK6-S2,fixed,FIXK6-S2,,LD,L,L,L,2,8,20.06309394775286,0.5465777639811892,20.698730008971882,18.97502420110792,1.163940583310628,20.7683208709142,21.14309394775286,6.0,6,6,0.0,72.0,8.0,0,0,6,,
LD-ML-NL-EL-FIXK9-S1,fixed,FIXK9-S1,,LD,L,L,L,1,5,21.241739992743987,0.2823567807853056,21.630098367580956,20.456737017154495,0.8770255807971251,21.2788802731701,22.861739992743985,9.0,9,9,0.0,67.5,12.5,0,0,9,,
LD-ML-NL-EL-FIXK9-S2,fixed,FIXK9-S2,,LD,L,L,L,2,5,19.578164014656917,0.35491005965304817,19.981712536201822,18.515289079616917,1.562151543804547,20.159768559669843,21.198164014656918,9.0,9,9,0.0,67.5,12.5,0,0,9,,
LD-ML-NL-EL-GMDS-S1,GMDS,GMDS,,LD,L,L,L,1,7,8.370672989462477,0.48131322727850684,9.09182905820867,8.801974560121726,0.7524498253399937,9.900460917369678,9.630672989462479,7.0,7,7,0.0,73.5,6.5,0,0,7,,
LD-ML-NL-EL-GMDS-S2,GMDS,GMDS,,LD,L,L,L,2,7,9.882831045104627,1.831192287150524,12.580569813133081,10.705586240303244,1.8907603732574132,13.224215570688589,11.142831045104629,7.0,7,7,0.0,73.5,6.5,0,0,7,,
LD-ML-NL-EL-S1,adaptive,,classical,LD,L,L,L,1,13,22.44825001070131,1.1424602337072027,24.49816640229551,22.35760951886613,1.6483593783232653,25.323952011388357,23.16825001070131,4.0,3,5,0.0,78.0,2.0,0,0,,,
LD-ML-NL-EL-S2,adaptive,,classical,LD,L,L,L,2,11,20.23659367714763,0.979663335304883,21.810892999869765,19.8737783024408,1.450124617752373,22.489409230189796,21.120230040783994,4.909090909090909,4,6,0.0,81.0,0.0,0,0,,,
LD-ML-NL-EL-S3,adaptive,,classical,LD,L,L,L,3,11,0.9765583800243999,0.5114183384159482,1.828271347135115,1.1069372875773384,0.6166762995691911,2.089291264989974,1.8601947436607633,4.909090909090909,4,6,0.0,81.0,0.0,0,0,,,
LD-ML-NL-EL-SMACOF-S1,SMACOF,SMACOF,,LD,L,L,L,1,7,20.117969961961613,1.8783244290456664,22.25886982630334,20.171776349937943,1.8840876139561225,21.661921395242633,21.377969961961615,7.0,7,7,0.0,73.5,6.5,0,0,7,,
LD-ML-NL-EL-SMACOF-S2,SMACOF,SMACOF,,LD,L,L,L,2,7,21.426035828852253,0.9364334045236496,22.61468129695824,20.046565793517335,1.494444619389374,21.178221717907817,22.686035828852255,7.0,7,7,0.0,73.5,6.5,0,0,7,,
S1_baseline,adaptive,,classical,,,,,,31,16.331774772124895,6.274891491801213,26.793261051772625,17.198290580519863,6.5451349171402,28.919905175021107,16.98016186889909,6.483870967741935,4,8,0.0,201.0,0.0,0,0,,,
S2_mob_0p10,adaptive,,classical,,,,,,38,20.906839230363474,11.986299677707379,47.191797644439404,21.608775766508387,11.662114762976087,47.817908480780936,21.438418177731894,5.315789473684211,4,7,0.0,202.0,0.0,0,0,,,
S2_mob_0p80,adaptive,,classical,,,,,,40,22.821333151969633,13.097191073866332,47.07476008940192,23.5822407786873,12.892152480953145,49.90989053763003,23.288833151969634,4.675,3,7,0.0,187.0,13.0,0,0,,,
S3_noise_0p04,adaptive,,classical,,,,,,30,27.311360677158483,10.621929151221105,42.021091762396864,27.985885685026666,10.322668061189916,41.445734168297115,27.981360677158484,6.7,4,9,0.0,201.0,0.0,0,0,,,
S3_noise_0p08,adaptive,,classical,,,,,,36,31.01363156661669,11.179235978473022,50.39885755068486,32.98088251748196,12.178035453496586,53.959047315334175,31.583076011061127,5.694444444444445,4,9,0.0,205.0,0.0,0,0,,,
S6_Ebudget_100,adaptive,,classical,,,,,,21,16.17349740894479,5.6842091623190125,30.487329230093774,17.18347028720143,5.893798951189722,30.853626227798625,16.644925980373362,4.714285714285714,4,6,4.761904761904762,99.0,1.0,0,0,,,
S6_Ebudget_60,adaptive,,classical,,,,,,11,26.454679473649563,11.459796393582101,46.14005850733744,26.653205892149973,10.392306143959136,43.89494064153722,26.991043110013198,5.363636363636363,4,7,0.0,59.0,1.0,0,0,,,
S7_lambda_0p0,adaptive,,classical,,,,,,40,22.5669029270413,12.17292668952352,48.62605795225532,23.47023314455469,12.242510537759205,50.22314997537363,22.5669029270413,4.8,3,7,0.0,192.0,8.0,0,0,,,
S7_lambda_0p4,adaptive,,classical,,,,,,38,22.118518054497514,13.217138946853872,42.26424326256135,22.938728681061388,13.040043340362677,44.074937240088985,23.17114963344488,5.2631578947368425,4,7,2.6315789473684212,200.0,0.0,0,0,,,
S8_reflection_off,adaptive,,classical,,,,,,32,35.005907776999194,9.05446444669557,50.55068087067024,35.067044197595706,9.696666945791831,50.56534032965501,35.6277827769992,6.21875,4,8,0.0,199.0,1.0,0,0,,,
